near_call_close,near_put_close,far_call_close,far_put_close,near_settlement,far_call_exit_close,far_put_exit_close,near_lot_size,far_lot_size,entry_timestamp,entry_date,candidate_label,shift_points,strike,near_expiry,far_expiry,near_exit_timestamp,far_call_exit_timestamp,far_put_exit_timestamp,chart_pnl_inr,estimated_max_profit_inr,estimated_min_pnl_inr,estimated_equal_max_profit_loss_inr,estimated_all_green_flatline,estimated_flatline_is_constant,far_call_exit_executed_per_unit,far_put_exit_executed_per_unit,gross_pnl_inr,net_pnl_inr,premium_turnover_inr,brokerage,exchange_transaction,sebi_fee,stamp_duty_entry,stamp_duty_exit,stamp_duty,stt_entry_sales,stt_exit_sales,stt_sale_transactions,stt_exercise,gst,exercised_intrinsic_inr,total_costs
313.6,20.7,366.2,78.45,18178.1,201.0,105.35,50,50,2021-10-19 09:54:00+00:00,2021-10-19,ATM_MINUS_250,-250,18150.0,2021-10-21,2021-10-28,2021-10-21 15:31:00+05:30,2021-10-21 15:30:00+05:30,2021-10-21 15:29:00+05:30,257.5000000000024,257.5000000000024,257.5000000000024,257.5000000000024,True,True,200.4975,105.61337499999999,3499.3375000000747,3304.6093567709745,54252.4,120.0,19.27587772,0.0542524,0.581800875,0.1584200625,0.7402209375,19.55349375,10.024875,29.578368750000003,0.0,25.0794234216,0.0,194.72814322910003
294.95,0.5,360.65,74.4,17560.2,307.35,112.0,50,50,2022-02-03 08:20:00+00:00,2022-02-03,ATM_MINUS_300,-300,17300.0,2022-02-03,2022-02-10,2022-02-03 15:31:00+05:30,2022-02-03 15:30:00+05:30,2022-02-03 15:30:00+05:30,410.00000000000085,410.00000000000085,410.00000000000085,410.00000000000085,True,True,306.58162500000003,112.28,-2976.2312500000335,-3176.454266139946,57467.05625000001,120.0,20.418045085625,0.05746705624999999,0.5430793125,0.16842000000000001,0.7114993125,18.421331249999998,15.329081250000002,33.750412499999996,0.0,25.285592185537503,0.0,200.22301613991252
246.05,32.75,331.9,132.15,17304.6,289.8,170.0,50,50,2022-02-16 04:06:00+00:00,2022-02-16,ATM_MINUS_200,-200,17150.0,2022-02-17,2022-02-24,2022-02-17 15:31:00+05:30,2022-02-17 15:29:00+05:30,2022-02-17 15:29:00+05:30,677.500000000002,677.500000000002,677.500000000002,677.500000000002,True,True,289.07550000000003,170.42499999999998,-1212.831249999921,-1413.8264693331835,60115.831249999996,120.0,21.359154843125,0.060115831249999994,0.5483424374999999,0.2556375,0.8039799374999999,18.862724999999998,14.453775000000002,33.3165,0.0,25.455468721387497,0.0,200.99521933326247
1.05,366.75,113.2,513.0,16594.9,122.0,420.75,50,50,2022-03-10 08:35:00+00:00,2022-03-10,ATM_PLUS_350,350,16850.0,2022-03-10,2022-03-17,2022-03-10 15:31:00+05:30,2022-03-10 15:30:00+05:30,2022-03-10 15:29:00+05:30,1705.0000000000011,1705.0000000000011,1705.0000000000011,1705.0000000000011,True,True,121.69500000000001,421.801875,-669.5937500000724,-892.5339273323349,76870.58125,120.0,27.312117518125003,0.07687058125,0.7217248125000001,0.6327028125,1.354427625,25.638243750000004,6.0847500000000005,31.722993750000004,15.943749999999909,26.5300178578875,12754.999999999927,222.94017733226246
143.0,63.2,232.5,172.85,15809.4,62.5,426.9,50,50,2022-05-18 07:27:00+00:00,2022-05-18,ATM_MINUS_100,-100,16150.0,2022-05-19,2022-05-26,2022-05-19 15:31:00+05:30,2022-05-19 15:30:00+05:30,2022-05-19 15:29:00+05:30,1007.5000000000002,1007.5000000000002,1007.5000000000002,1007.5000000000002,True,True,62.34375,427.96725,-320.1187499999804,-526.1249984155429,55090.53125,120.0,19.573665753125002,0.05509053125,0.44465887499999995,0.641950875,1.08660975,15.75301875,3.1171875,18.870206250000003,21.287500000000023,25.133176131187497,17030.00000000002,206.00624841556248
402.05,0.85,437.8,62.05,16628.0,472.2,43.9,50,50,2022-06-02 08:24:00+00:00,2022-06-02,ATM_MINUS_400,-400,16200.0,2022-06-02,2022-06-09,2022-06-02 15:31:00+05:30,2022-06-02 15:30:00+05:30,2022-06-02 15:30:00+05:30,1272.4999999999986,1272.4999999999986,1272.4999999999986,1272.4999999999986,True,True,471.0195,44.00975,1110.1437500000031,891.3173603834406,70885.78125,120.0,25.185718078125003,0.07088578125,0.6596199375,0.066014625,0.7256345625,23.146987500000005,23.550974999999998,46.6979625,0.0,26.146188694687503,0.0,218.82638961656252
223.5,5.3,309.35,103.65,15556.65,363.95,74.9,50,50,2022-06-23 06:29:00+00:00,2022-06-23,ATM_MINUS_200,-200,15300.0,2022-06-23,2022-06-30,2022-06-23 15:31:00+05:30,2022-06-23 15:30:00+05:30,2022-06-23 15:30:00+05:30,624.9999999999986,624.9999999999986,624.9999999999986,624.9999999999986,True,True,363.040125,75.08725,2109.91875000002,1910.5630993166073,53994.80625,120.0,19.184354660625,0.05399480625,0.4731549375,0.11263087499999999,0.5857858125,16.31660625,18.15200625,34.4686125,0.0,25.062902904037497,0.0,199.35565068341248
2.3,236.55,71.8,324.5,16132.9,71.0,269.3,50,50,2022-07-07 04:05:00+00:00,2022-07-07,ATM_PLUS_250,250,16350.0,2022-07-07,2022-07-14,2022-07-07 15:31:00+05:30,2022-07-07 15:30:00+05:30,2022-07-07 15:29:00+05:30,922.4999999999994,922.4999999999994,922.4999999999994,922.4999999999994,True,True,70.8225,269.97325,1740.56875000002,1544.1760146656575,48794.98125,120.0,17.336856838125,0.048794981249999994,0.46368131250000005,0.404959875,0.8686411875000001,16.29915,3.5411250000000005,19.840275000000002,13.568750000000023,24.729417327487504,10855.000000000018,196.39273533436256
152.95,20.35,272.35,140.5,17382.0,304.9,95.0,50,50,2022-08-04 06:07:00+00:00,2022-08-04,ATM_MINUS_150,-150,17150.0,2022-08-04,2022-08-11,2022-08-04 15:31:00+05:30,2022-08-04 15:29:00+05:30,2022-08-04 15:29:00+05:30,37.49999999999858,37.49999999999858,37.49999999999858,37.49999999999858,True,True,304.13775,95.2375,-1190.7562500000013,-1383.4993368572386,49276.16875,120.0,17.507822756875,0.049276168749999995,0.44014762499999993,0.14285625,0.583003875,14.635818749999999,15.206887499999999,29.84270625,0.0,24.760277806612496,0.0,192.74308685723747
358.7,0.15,387.85,58.2,17522.45,407.1,49.0,50,50,2022-08-25 09:44:00+00:00,2022-08-25,ATM_MINUS_350,-350,17150.0,2022-08-25,2022-09-01,2022-08-25 15:31:00+05:30,2022-08-25 15:29:00+05:30,2022-08-25 15:29:00+05:30,1444.9999999999995,1444.9999999999995,1444.9999999999995,1444.9999999999995,True,True,406.08225000000004,49.122499999999995,569.8749999999649,360.0328360447149,63001.62499999999,120.0,22.3844773625,0.06300162499999999,0.5834550000000001,0.07368374999999999,0.6571387500000001,20.792887500000003,20.304112500000002,41.09700000000001,0.0,25.64054621775,0.0,209.84216395525
225.5,8.35,342.5,135.45,17542.8,330.0,93.0,50,50,2022-09-01 06:27:00+00:00,2022-09-01,ATM_MINUS_200,-200,17350.0,2022-09-01,2022-09-08,2022-09-01 15:31:00+05:30,2022-09-01 15:29:00+05:30,2022-09-01 15:29:00+05:30,504.9999999999997,504.9999999999997,504.9999999999997,504.9999999999997,True,True,329.175,93.2325,2573.1500000000365,2372.5789903077116,56709.1125,120.0,20.148747671250003,0.0567091125,0.5275906875,0.13984875,0.6674394375,18.002381250000003,16.458750000000002,34.46113125000001,0.0,25.236982221074996,0.0,200.571009692325
327.0,0.05,376.85,56.45,17877.4,379.95,55.55,50,50,2022-09-15 09:52:00+00:00,2022-09-15,ATM_MINUS_300,-300,17550.0,2022-09-15,2022-09-22,2022-09-15 15:31:00+05:30,2022-09-15 15:28:00+05:30,2022-09-15 15:29:00+05:30,327.4999999999984,327.4999999999984,327.4999999999984,327.4999999999984,True,True,379.000125,55.688874999999996,28.018749999930037,-177.42752880353248,59751.13125000001,120.0,21.229576933125003,0.059751131250000006,0.566763375,0.0835333125,0.6502966874999999,19.124568749999998,18.95000625,38.074574999999996,0.0,25.4320790515875,0.0,205.44627880346252
354.15,0.1,415.0,69.75,16818.1,430.35,61.5,50,50,2022-09-29 09:41:00+00:00,2022-09-29,ATM_MINUS_350,-350,16450.0,2022-09-29,2022-10-06,2022-09-29 15:31:00+05:30,2022-09-29 15:28:00+05:30,2022-09-29 15:29:00+05:30,439.9999999999977,439.9999999999977,439.9999999999977,439.9999999999977,True,True,429.274125,61.653749999999995,311.1437500000761,98.26446166758862,66495.29375,120.0,23.625777869375007,0.06649529375,0.624206625,0.09248062499999998,0.71668725,21.1420125,21.463706250000005,42.60571875000001,0.0,25.8646091693625,0.0,212.8792883324875
300.8,3.4,365.6,76.35,17331.8,333.0,68.75,50,50,2022-10-06 04:15:00+00:00,2022-10-06,ATM_MINUS_300,-300,17050.0,2022-10-06,2022-10-13,2022-10-06 15:31:00+05:30,2022-10-06 15:29:00+05:30,2022-10-06 15:30:00+05:30,407.5000000000003,407.5000000000003,407.5000000000003,407.5000000000003,True,True,332.1675,68.921875,-613.4874999999624,-815.2809914647625,57360.950000000004,120.0,20.380345535000004,0.05736095,0.55488375,0.1033828125,0.6582665625,18.81035625,16.608375,35.41873125,0.0,25.2787871673,0.0,201.7934914648
155.75,20.3,234.45,107.2,17563.95,260.95,63.1,50,50,2022-10-19 09:31:00+00:00,2022-10-19,ATM_MINUS_150,-150,17350.0,2022-10-20,2022-10-27,2022-10-20 15:31:00+05:30,2022-10-20 15:30:00+05:30,2022-10-20 15:29:00+05:30,410.0000000000001,410.0000000000001,410.0000000000001,410.0000000000001,True,True,260.297625,63.25775,-500.21875000003604,-686.1104166093235,42061.743749999994,120.0,14.944537554374998,0.04206174374999999,0.38308031249999996,0.09488662500000002,0.47796693749999997,13.114631249999999,13.014881249999998,26.129512499999997,0.0,24.297587873662497,0.0,185.89166660928748
307.8,0.1,326.05,24.75,18107.85,328.7,25.3,50,50,2023-01-19 09:57:00+00:00,2023-01-19,ATM_MINUS_300,-300,17800.0,2023-01-19,2023-01-25,2023-01-19 15:32:00+05:30,2023-01-19 15:29:00+05:30,2023-01-19 15:30:00+05:30,319.99999999999886,319.99999999999886,319.99999999999886,319.99999999999886,True,True,327.87825,25.36325,-29.08749999992608,-225.4682309707761,50596.275,120.0,17.976856507500003,0.050596274999999996,0.4904480625,0.038044875000000006,0.5284929375,16.58593125,16.3939125,32.97984375,0.0,24.844941500850002,0.0,196.38073097085
0.3,270.7,12.4,287.0,17599.15,12.5,251.65,50,50,2023-04-06 08:31:00+00:00,2023-04-06,ATM_PLUS_250,250,17850.0,2023-04-06,2023-04-13,2023-04-06 15:31:00+05:30,2023-04-06 15:30:00+05:30,2023-04-06 15:29:00+05:30,210.00000000000227,210.00000000000227,210.00000000000227,210.00000000000227,True,True,12.46875,252.279125,690.6812499999305,500.09046233139316,41756.86875,120.0,14.836215466875002,0.04175686875,0.4257116249999999,0.37841868749999996,0.8041303124999999,14.3290875,0.6234375,14.952525,15.678124999999909,24.2780350204125,12542.499999999927,190.59078766853736
396.3,0.05,399.0,15.4,19497.3,397.7,15.45,50,50,2023-07-06 09:40:00+00:00,2023-07-06,ATM_MINUS_400,-400,19100.0,2023-07-06,2023-07-13,2023-07-06 15:31:00+05:30,2023-07-06 15:30:00+05:30,2023-07-06 15:30:00+05:30,632.5,632.5,632.5,632.5,True,True,396.70575,15.488624999999999,-272.9874999999623,-481.28733433163734,61145.6375,120.0,21.72504500375,0.061145637499999995,0.6000714375,0.0232329375,0.623304375,20.533537499999998,19.835287500000003,40.368825,0.0,25.521514315425,0.0,208.29983433167502
0.95,380.0,7.3,387.4,19386.7,2.95,552.6,50,50,2023-08-24 04:27:00+00:00,2023-08-24,ATM_PLUS_350,350,19950.0,2023-08-24,2023-08-31,2023-08-24 15:31:00+05:30,2023-08-24 15:30:00+05:30,2023-08-24 15:28:00+05:30,52.499999999997726,52.499999999997726,52.499999999997726,52.499999999997726,True,True,2.9426250000000005,553.9815,568.5999999999694,342.8513695734195,66628.575,120.0,23.6731326975,0.066628575,0.5824023749999999,0.8309722500000001,1.4133746249999999,19.36895625,0.14713125000000002,19.5160875,35.206249999999955,25.87315702905,28164.999999999964,225.74863042654994
339.8,0.2,342.9,16.15,19727.05,337.0,14.7,50,50,2023-09-07 09:30:00+00:00,2023-09-07,ATM_MINUS_300,-300,19400.0,2023-09-07,2023-09-14,2023-09-07 15:31:00+05:30,2023-09-07 15:30:00+05:30,2023-09-07 15:30:00+05:30,642.5000000000022,642.5000000000022,642.5000000000022,642.5000000000022,True,True,336.1575,14.736749999999999,273.65625000004457,74.88638928193208,52495.606250000004,120.0,18.651688900625004,0.05249560625,0.5159366249999999,0.022105125,0.5380417499999999,17.753006250000002,16.807875,34.56088125,0.0,24.9667532112375,0.0,198.76986071811248
0.15,237.75,23.0,276.6,19624.7,17.7,296.65,50,50,2023-10-19 08:44:00+00:00,2023-10-19,ATM_PLUS_250,250,19900.0,2023-10-19,2023-10-26,2023-10-19 15:32:00+05:30,2023-10-19 15:29:00+05:30,2023-10-19 15:29:00+05:30,800.0,800.0,800.0,800.0,True,True,17.65575,297.391625,511.01874999996824,318.76746171493073,42625.36875,120.0,15.144793516875001,0.042625368749999996,0.39210281249999995,0.4460874375,0.83819025,13.802906250000003,0.8827875000000001,14.685693750000002,17.206249999999955,24.333735399412504,13764.999999999964,192.2512882850375
322.3,19.2,378.85,85.1,21462.25,192.5,141.55,50,50,2024-01-17 04:01:00+00:00,2024-01-17,ATM_MINUS_300,-300,21500.0,2024-01-18,2024-01-25,2024-01-18 15:32:00+05:30,2024-01-18 15:30:00+05:30,2024-01-18 15:30:00+05:30,467.4999999999997,467.4999999999997,467.4999999999997,467.4999999999997,True,True,192.01875,141.903875,4760.062500000002,4561.420630871276,56967.4625,120.0,20.240539426250002,0.0569674625,0.5985676875,0.21285581250000002,0.8114235000000001,20.319075,9.6009375,29.920012500000002,2.359375,25.253551239975,1887.5,198.641869128725
393.75,0.1,431.85,47.05,21697.45,440.05,48.65,50,50,2024-02-01 09:44:00+00:00,2024-02-01,ATM_MINUS_400,-400,21300.0,2024-02-01,2024-02-08,2024-02-01 15:32:00+05:30,2024-02-01 15:29:00+05:30,2024-02-01 15:30:00+05:30,442.4999999999976,442.4999999999976,442.4999999999976,442.4999999999976,True,True,438.949875,48.77162499999999,-30.18125000003522,-245.0353046264727,68022.46875,120.0,24.168383146875,0.06802246875,0.6495448125000001,0.07315743749999999,0.7227022500000001,21.9849,21.947493750000003,43.93239375,0.0,25.962553010812496,0.0,214.8540546264375
343.3,0.05,361.0,31.95,22493.55,360.25,33.3,50,50,2024-03-07 09:56:00+00:00,2024-03-07,ATM_MINUS_350,-350,22150.0,2024-03-07,2024-03-14,2024-03-07 15:32:00+05:30,2024-03-07 15:29:00+05:30,2024-03-07 15:30:00+05:30,710.0,710.0,710.0,710.0,True,True,359.349375,33.38325,-261.2312499999575,-463.84075517507006,56449.856250000004,120.0,20.056633925625,0.05644985624999999,0.5429289374999999,0.050074875,0.5930038124999999,18.71559375,17.967468750000002,36.683062500000005,0.0,25.220355080737498,0.0,202.6095051751125
41.8,438.6,105.6,512.3,22821.4,109.0,359.6,25,25,2024-06-06 04:11:00+00:00,2024-06-06,ATM_PLUS_400,400,23150.0,2024-06-06,2024-06-13,2024-06-06 15:31:00+05:30,2024-06-06 15:29:00+05:30,2024-06-06 15:29:00+05:30,247.49999999999943,247.49999999999943,247.49999999999943,247.49999999999943,True,True,108.7275,360.499,2099.568749999963,1914.0086233559757,39187.54375,120.0,13.923334294375,0.03918754375,0.40917037500000003,0.27037425000000004,0.6795446250000001,13.81786875,2.7181875,16.53605625,10.268749999999955,24.113253930862495,8214.999999999964,185.56012664398745
18.3,410.0,70.65,462.45,23398.9,27.0,387.9,25,25,2024-06-11 05:10:00+00:00,2024-06-11,ATM_PLUS_400,400,23750.0,2024-06-13,2024-06-20,2024-06-13 15:31:00+05:30,2024-06-13 15:29:00+05:30,2024-06-13 15:29:00+05:30,2.4999999999991473,2.4999999999991473,2.4999999999991473,2.4999999999991473,True,True,26.9325,388.86974999999995,-328.5187500000333,-508.88124529798324,34430.05,120.0,12.232996765000001,0.034430050000000004,0.36138871875,0.2916523125,0.65304103125,11.988703125,0.6733125,12.662015625,10.971874999999955,23.808136826699997,8777.499999999964,180.36249529794995
277.45,13.8,326.7,78.5,23567.0,302.0,56.0,25,25,2024-06-19 09:20:00+00:00,2024-06-19,ATM_MINUS_250,-250,23350.0,2024-06-20,2024-06-27,2024-06-20 15:31:00+05:30,2024-06-20 15:29:00+05:30,2024-06-20 15:30:00+05:30,386.2499999999997,386.2499999999997,386.2499999999997,386.2499999999997,True,True,301.245,56.14,1045.346875000002,875.9648328093333,26344.909374999996,120.0,9.360346300937499,0.026344909374999996,0.25601343749999994,0.042105000000000004,0.29811843749999994,8.876503125,7.531125,16.407628125,0.0,23.28960441785625,0.0,169.38204219066876
0.45,387.4,37.15,432.0,24044.5,35.0,387.75,25,25,2024-06-27 06:52:00+00:00,2024-06-27,ATM_PLUS_400,400,24400.0,2024-06-27,2024-07-04,2024-06-27 15:31:00+05:30,2024-06-27 15:30:00+05:30,2024-06-27 15:29:00+05:30,197.50000000000085,197.50000000000085,197.50000000000085,197.50000000000085,True,True,34.9125,388.71937499999996,186.26562500000148,7.828145608445169,32015.303125000002,120.0,11.375037200312502,0.032015303125,0.31920853125,0.29153953124999993,0.6107480624999999,10.784221875,0.8728125,11.657034375,11.109375,23.65326945061875,8887.5,178.4374793915563
408.0,1.25,484.6,93.65,24800.85,533.55,81.35,25,25,2024-07-18 07:50:00+00:00,2024-07-18,ATM_MINUS_400,-400,24350.0,2024-07-18,2024-07-25,2024-07-18 15:32:00+05:30,2024-07-18 15:29:00+05:30,2024-07-18 15:29:00+05:30,394.99999999999955,394.99999999999955,394.99999999999955,394.99999999999955,True,True,532.216125,81.55337499999999,328.6000000000385,143.92794815453848,40030.75,120.0,14.222925475,0.04003075,0.36529846875,0.061165031249999995,0.4264635,12.509896875,13.305403125000002,25.8153,0.0,24.1673321205,0.0,184.67205184550002
95.0,3.35,209.2,122.25,24406.1,220.3,111.45,25,25,2024-07-25 08:26:00+00:00,2024-07-25,ATM_MINUS_100,-100,24300.0,2024-07-25,2024-08-01,2024-07-25 15:32:00+05:30,2024-07-25 15:30:00+05:30,2024-07-25 15:30:00+05:30,117.50000000000043,117.50000000000043,117.50000000000043,117.50000000000043,True,True,219.74925000000002,111.728625,138.65312500003773,-22.10343967491849,19031.653124999997,120.0,6.7619463553125,0.019031653125,0.15981103124999999,0.08379646874999999,0.24360749999999998,5.417671875000001,5.493731250000001,10.911403125000001,0.0,22.82057604151875,0.0,160.75656467495622
398.0,1.0,431.6,41.95,25010.9,439.2,38.9,25,25,2024-08-01 06:43:00+00:00,2024-08-01,ATM_MINUS_400,-400,24600.0,2024-08-01,2024-08-08,2024-08-01 15:32:00+05:30,2024-08-01 15:29:00+05:30,2024-08-01 15:29:00+05:30,183.7499999999995,183.7499999999995,183.7499999999995,183.7499999999995,True,True,438.10200000000003,38.997249999999994,-165.66562500003528,-343.729704870029,33740.771875,120.0,11.9880962471875,0.033740771875,0.325261125,0.029247937499999998,0.35450906249999997,10.971253124999999,10.95255,21.923803125,0.0,23.76393066343125,0.0,178.06407986999375
343.95,18.2,392.35,93.3,24117.0,290.05,137.1,25,25,2024-08-08 04:01:00+00:00,2024-08-08,ATM_MINUS_300,-300,23950.0,2024-08-08,2024-08-14,2024-08-08 15:32:00+05:30,2024-08-08 15:29:00+05:30,2024-08-08 15:30:00+05:30,667.4999999999993,667.4999999999993,667.4999999999993,667.4999999999993,True,True,289.324875,137.44275,236.5656250000015,63.02072938425775,31862.521875,120.0,11.3207540221875,0.031862521874999994,0.30868228124999997,0.1030820625,0.41176434375,10.903921875,7.233121875000001,18.13704375,0.0,23.643470977931248,0.0,173.54489561574374
0.1,426.5,21.25,450.7,25388.9,29.85,367.55,25,25,2024-09-12 08:46:00+00:00,2024-09-12,ATM_PLUS_400,400,25650.0,2024-09-12,2024-09-19,2024-09-12 15:32:00+05:30,2024-09-12 15:30:00+05:30,2024-09-12 15:29:00+05:30,76.25000000000028,76.25000000000028,76.25000000000028,76.25000000000028,True,True,29.775375000000004,368.46887499999997,-1919.7468750000353,-2095.7357927599164,32419.665624999998,120.0,11.5187071965625,0.032419665624999996,0.33665203125,0.27635165624999997,0.6130036875,11.241825,0.7443843750000001,11.986209375000001,8.159374999999955,23.679202835193752,6527.499999999964,175.98891775988125
358.15,0.85,406.9,55.45,26216.05,376.75,50.55,25,25,2024-09-26 09:25:00+00:00,2024-09-26,ATM_MINUS_350,-350,25850.0,2024-09-26,2024-10-03,2024-09-26 15:32:00+05:30,2024-09-26 15:29:00+05:30,2024-09-26 15:29:00+05:30,146.2499999999995,146.2499999999995,146.2499999999995,146.2499999999995,True,True,375.808125,50.67637499999999,-928.0406249999814,-1102.8102099706252,31195.496874999997,120.0,11.0837600396875,0.031195496874999996,0.30657703125,0.03800728124999999,0.3445843125,10.31415,9.395203125,19.709353125,0.0,23.600691996581247,0.0,174.76958497064373
248.55,0.15,345.7,103.8,23349.9,352.0,104.8,75,75,2024-11-21 09:41:00+00:00,2024-11-21,ATM_MINUS_250,-250,23100.0,2024-11-21,2024-11-28,2024-11-21 15:31:00+05:30,2024-11-21 15:29:00+05:30,2024-11-21 15:30:00+05:30,487.5000000000011,487.5000000000011,487.5000000000011,487.5000000000011,True,True,351.12,105.062,68.43749999989512,-163.2732775115174,86577.43125,120.0,30.760961323125,0.08657743124999999,0.7801079062499999,0.2363895,1.0164974062499998,26.360184375000003,26.334,52.694184375000006,0.0,27.152556975787498,0.0,231.71077751141252
255.0,20.5,363.9,152.35,24708.4,280.0,173.0,75,75,2024-12-05 08:58:00+00:00,2024-12-05,ATM_MINUS_200,-200,24600.0,2024-12-05,2024-12-12,2024-12-05 15:31:00+05:30,2024-12-05 15:30:00+05:30,2024-12-05 15:30:00+05:30,1721.2500000000014,1721.2500000000014,1721.2500000000014,1721.2500000000014,True,True,279.3,173.4325,1382.8593749998945,1149.3398202745757,93331.88437499998,120.0,33.1608185184375,0.093331884375,0.8670622499999998,0.390223125,1.257285375,30.474871875,20.9475,51.422371875,0.0,27.58574707250625,0.0,233.51955472531876
1.9,379.75,69.0,453.0,24188.65,71.0,339.0,75,75,2025-01-02 07:10:00+00:00,2025-01-02,ATM_PLUS_400,400,24450.0,2025-01-02,2025-01-09,2025-01-02 15:31:00+05:30,2025-01-02 15:29:00+05:30,2025-01-02 15:29:00+05:30,461.2499999999983,461.2499999999983,461.2499999999983,461.2499999999983,True,True,70.8225,339.84749999999997,-283.8093750001079,-532.4750761469015,98572.84687499999,120.0,35.022932494687495,0.09857284687499998,1.01221171875,0.7646568749999999,1.7768685937499997,34.032206249999994,5.3116875,39.34389374999999,24.501562499999864,27.921870961481247,19601.24999999989,248.6657011467936
341.45,0.1,390.8,57.2,22544.7,398.0,52.2,75,75,2025-03-06 09:29:00+00:00,2025-03-06,ATM_MINUS_350,-350,22200.0,2025-03-06,2025-03-13,2025-03-06 15:31:00+05:30,2025-03-06 15:29:00+05:30,2025-03-06 15:30:00+05:30,581.2499999999968,581.2499999999968,581.2499999999968,581.2499999999968,True,True,397.005,52.3305,431.2968749999456,190.03342140757684,92914.959375,120.0,33.012685065937504,0.092914959375,0.8817238125000001,0.117743625,0.9994674375000001,29.824003125000004,29.775375,59.599378125,0.0,27.559008004556247,0.0,241.26345359236876
401.35,0.05,433.15,42.45,23250.1,433.75,42.7,75,75,2025-04-03 09:55:00+00:00,2025-04-03,ATM_MINUS_400,-400,22850.0,2025-04-03,2025-04-09,2025-04-03 15:31:00+05:30,2025-04-03 15:28:00+05:30,2025-04-03 15:29:00+05:30,795.0000000000027,795.0000000000027,795.0000000000027,795.0000000000027,True,True,432.66562500000003,42.80675,-137.52187499988366,-388.4931034881149,101433.440625,120.0,36.0393014540625,0.101433440625,0.97713675,0.0963151875,1.0734519375,33.20178750000001,32.449921875,65.65170937500001,0.0,28.105332281043747,0.0,250.97122848823125
352.7,11.8,442.7,102.9,23851.65,644.85,47.5,75,75,2025-04-17 06:16:00+00:00,2025-04-17,ATM_MINUS_350,-350,23250.0,2025-04-17,2025-04-24,2025-04-17 15:31:00+05:30,2025-04-17 15:29:00+05:30,2025-04-17 15:30:00+05:30,82.49999999999957,82.49999999999957,82.49999999999957,82.49999999999957,True,True,643.237875,47.61875,-540.459375000097,-816.0012724862282,120071.54062500001,120.0,42.66141838406251,0.120071540625,1.0251815625,0.1071421875,1.13232375,34.08457500000001,48.24284062500001,82.32741562500001,0.0,29.300668186443747,0.0,275.54189748613123
0.35,304.05,89.7,419.9,24273.8,59.7,557.7,75,75,2025-05-08 09:08:00+00:00,2025-05-08,ATM_PLUS_300,300,24650.0,2025-05-08,2025-05-15,2025-05-08 15:59:00+05:30,2025-05-08 15:48:00+05:30,2025-05-08 15:48:00+05:30,1987.5,1987.5,1987.5,1987.5,True,True,59.55075000000001,559.09425,-7415.887499999938,-7675.9814848445,107443.40624999999,120.0,38.174642240625,0.10744340624999998,0.8881523437500001,1.2579620625,2.14611440625,31.439953125000006,4.466306250000001,35.906259375000005,35.26875000000007,28.4907754164375,28215.000000000055,260.0939848445626
2.45,361.2,78.3,439.95,25062.1,120.0,276.0,75,75,2025-05-15 07:40:00+00:00,2025-05-15,ATM_PLUS_350,350,25200.0,2025-05-15,2025-05-22,2025-05-15 15:59:00+05:30,2025-05-15 15:50:00+05:30,2025-05-15 15:50:00+05:30,217.4999999999983,217.4999999999983,217.4999999999983,217.4999999999983,True,True,119.7,276.69,-1379.6062499998882,-1618.1303394159008,95871.20625,120.0,34.063039580624995,0.09587120624999998,0.9913471874999998,0.6225525000000001,1.6138996875,33.097049999999996,8.977500000000001,42.074549999999995,12.928125000000136,27.748603941637498,10342.50000000011,238.52408941601263
85.0,419.0,171.6,510.45,24833.6,58.4,532.2,75,75,2025-05-27 06:09:00+00:00,2025-05-27,ATM_PLUS_350,350,25350.0,2025-05-29,2025-06-05,2025-05-29 15:59:00+05:30,2025-05-29 15:45:00+05:30,2025-05-29 15:45:00+05:30,363.74999999999744,363.74999999999744,363.74999999999744,363.74999999999744,True,True,58.254000000000005,533.5305,3225.6281250001193,2928.107583194313,133336.67812499998,120.0,47.37452173781251,0.133336678125,1.3321721249999998,1.200443625,2.5326157499999997,44.547103125,4.3690500000000005,48.916153125,48.412500000000136,30.15141451486875,38730.00000000011,297.5205418058064
444.85,38.85,505.25,106.2,25549.0,893.4,16.0,75,75,2025-06-23 08:00:00+00:00,2025-06-23,ATM_MINUS_400,-400,24650.0,2025-06-26,2025-07-03,2025-06-26 15:59:00+05:30,2025-06-26 15:43:00+05:30,2025-06-26 15:43:00+05:30,521.2500000000002,521.2500000000002,521.2500000000002,521.2500000000002,True,True,891.1665,16.04,-1474.603124999993,-1788.6682747635118,150175.434375,120.0,53.357331833437506,0.150175434375,1.2272855624999999,0.036090000000000004,1.2633755624999998,41.22542812500001,66.83748750000001,108.06291562500002,0.0,31.23135130820625,0.0,314.0651497635187
1.65,330.3,130.2,460.0,23581.15,172.1,330.25,65,65,2026-03-17 07:09:00+00:00,2026-03-17,ATM_PLUS_350,350,23750.0,2026-03-17,2026-03-24,2026-03-17 15:59:00+05:30,2026-03-17 15:29:00+05:30,2026-03-17 15:30:00+05:30,74.74999999999852,74.74999999999852,74.74999999999852,74.74999999999852,True,True,171.66975,331.075625,538.768749999909,301.87334300123405,92618.0125,120.0,32.90717984125,0.0926180125,0.9002199375,0.64559746875,1.5458174062499999,29.932231875000003,11.158533749999998,41.090765625,13.719062499999882,27.539963613675003,10975.249999999905,236.89540699867493
394.0,11.25,588.7,208.4,22912.4,684.75,153.0,65,65,2026-03-24 04:03:00+00:00,2026-03-24,ATM_MINUS_400,-400,22450.0,2026-03-24,2026-03-30,2026-03-24 15:59:00+05:30,2026-03-24 15:29:00+05:30,2026-03-24 15:29:00+05:30,159.2499999999974,159.2499999999974,159.2499999999974,159.2499999999974,True,True,683.038125,153.3825,4335.4837499999185,4053.2404543471234,132519.6925,120.0,47.084246745250006,0.1325196925,1.17282725625,0.299095875,1.47192313125,39.05811,44.397478125,83.45558812499999,0.0,30.099017958795002,0.0,282.24329565279504
7.25,192.0,250.4,437.05,23123.65,282.5,394.95,65,65,2026-04-07 08:12:00+00:00,2026-04-07,ATM_PLUS_200,200,23250.0,2026-04-07,2026-04-13,2026-04-07 15:59:00+05:30,2026-04-07 15:30:00+05:30,2026-04-07 15:30:00+05:30,123.50000000000222,123.50000000000222,123.50000000000222,123.50000000000222,True,True,281.79375,395.937375,772.8256249999092,503.8307704131206,101687.714375,120.0,36.1296449174375,0.10168771437499999,0.8648367,0.77207788125,1.6369145812500001,43.210951875,27.474890625,70.6858425,12.319124999999858,28.12163987372625,8212.749999999905,268.9948545867886
393.15,3.0,516.0,127.9,24576.6,613.3,82.0,65,65,2026-04-21 04:00:00+00:00,2026-04-21,ATM_MINUS_400,-400,24050.0,2026-04-21,2026-04-28,2026-04-21 15:59:00+05:30,2026-04-21 15:29:00+05:30,2026-04-21 15:29:00+05:30,133.2499999999989,133.2499999999989,133.2499999999989,133.2499999999989,True,True,611.76675,82.205,156.75562500009335,-143.72945253389798,112711.080625,120.0,40.04624694606251,0.11271108062500002,1.0145801250000002,0.16029975,1.1748798750000002,50.6753690625,59.64725812500001,110.32262718750002,0.0,28.828612444803753,0.0,300.48507753399133
1.25,404.4,81.1,491.0,23618.0,38.55,582.2,65,65,2026-05-19 04:01:00+00:00,2026-05-19,ATM_PLUS_400,400,24150.0,2026-05-19,2026-05-26,2026-05-19 15:59:00+05:30,2026-05-19 15:29:00+05:30,2026-05-19 15:29:00+05:30,438.75,438.75,438.75,438.75,True,True,38.453625,583.6555,-578.2562499999932,-869.1579125123657,103989.74625,120.0,36.947556842625,0.10398974624999999,0.9490918124999999,1.138128225,2.0872200375,47.8743890625,3.7492284375000007,51.6236175,51.870000000000005,28.2692783859975,34580.0,290.90166251237247
