variant,entry_date,entry_timestamp,shift_points,net_pnl_inr,baseline_net_pnl_inr,rescues_loss
first_positive,2021-07-20,2021-07-20 10:45:00+05:30,-250.0,-321.48243831014656,-321.48243831014656,False
second_valid_timestamp,2021-07-20,2021-07-22 15:05:00+05:30,350.0,-283.3116851323243,-321.48243831014656,False
delay_15m,2021-07-20,2021-07-22 15:05:00+05:30,350.0,-283.3116851323243,-321.48243831014656,False
delay_30m,2021-07-20,2021-07-22 15:05:00+05:30,350.0,-283.3116851323243,-321.48243831014656,False
delay_60m,2021-07-20,2021-07-22 15:05:00+05:30,350.0,-283.3116851323243,-321.48243831014656,False
delay_120m,2021-07-20,2021-07-22 15:05:00+05:30,350.0,-283.3116851323243,-321.48243831014656,False
best_later_frozen_selector,2021-07-20,2021-07-22 15:05:00+05:30,350.0,-283.3116851323243,-321.48243831014656,False
best_later_any_candidate,2021-07-20,2021-07-22 15:05:00+05:30,350.0,-283.3116851323243,-321.48243831014656,False
same_timestamp_any_candidate,2021-07-20,2021-07-20 10:45:00+05:30,-200.0,-306.8486197404947,-321.48243831014656,False
first_positive,2021-08-03,2021-08-03 14:44:00+05:30,250.0,-928.3247923830032,-928.3247923830032,False
second_valid_timestamp,2021-08-03,2021-08-04 11:46:00+05:30,-400.0,-833.6179129462139,-928.3247923830032,False
delay_15m,2021-08-03,2021-08-04 11:46:00+05:30,-400.0,-833.6179129462139,-928.3247923830032,False
delay_30m,2021-08-03,2021-08-04 11:46:00+05:30,-400.0,-833.6179129462139,-928.3247923830032,False
delay_60m,2021-08-03,2021-08-04 11:46:00+05:30,-400.0,-833.6179129462139,-928.3247923830032,False
delay_120m,2021-08-03,2021-08-04 11:46:00+05:30,-400.0,-833.6179129462139,-928.3247923830032,False
best_later_frozen_selector,2021-08-03,2021-08-05 09:30:00+05:30,350.0,-502.5079764507685,-928.3247923830032,False
best_later_any_candidate,2021-08-03,2021-08-05 09:30:00+05:30,350.0,-502.5079764507685,-928.3247923830032,False
same_timestamp_any_candidate,2021-08-03,2021-08-03 14:44:00+05:30,250.0,-928.3247923830032,-928.3247923830032,False
first_positive,2021-08-16,2021-08-16 11:09:00+05:30,400.0,-296.2338322411464,-296.2338322411464,False
second_valid_timestamp,2021-08-16,2021-08-18 13:35:00+05:30,350.0,233.1817229351297,-296.2338322411464,True
delay_15m,2021-08-16,2021-08-18 13:35:00+05:30,350.0,233.1817229351297,-296.2338322411464,True
delay_30m,2021-08-16,2021-08-18 13:35:00+05:30,350.0,233.1817229351297,-296.2338322411464,True
delay_60m,2021-08-16,2021-08-18 13:35:00+05:30,350.0,233.1817229351297,-296.2338322411464,True
delay_120m,2021-08-16,2021-08-18 13:35:00+05:30,350.0,233.1817229351297,-296.2338322411464,True
best_later_frozen_selector,2021-08-16,2021-08-18 13:35:00+05:30,350.0,233.1817229351297,-296.2338322411464,True
best_later_any_candidate,2021-08-16,2021-08-18 13:35:00+05:30,350.0,233.1817229351297,-296.2338322411464,True
same_timestamp_any_candidate,2021-08-16,2021-08-16 11:09:00+05:30,400.0,-296.2338322411464,-296.2338322411464,False
first_positive,2021-09-30,2021-09-30 15:25:00+05:30,-350.0,-435.8877067411702,-435.8877067411702,False
same_timestamp_any_candidate,2021-09-30,2021-09-30 15:25:00+05:30,250.0,186.31767491935284,-435.8877067411702,True
first_positive,2021-12-22,2021-12-22 09:25:00+05:30,-250.0,-1100.3806939274118,-1100.3806939274118,False
second_valid_timestamp,2021-12-22,2021-12-23 15:27:00+05:30,-400.0,-178.10535216081325,-1100.3806939274118,False
delay_15m,2021-12-22,2021-12-23 15:27:00+05:30,-400.0,-178.10535216081325,-1100.3806939274118,False
delay_30m,2021-12-22,2021-12-23 15:27:00+05:30,-400.0,-178.10535216081325,-1100.3806939274118,False
delay_60m,2021-12-22,2021-12-23 15:27:00+05:30,-400.0,-178.10535216081325,-1100.3806939274118,False
delay_120m,2021-12-22,2021-12-23 15:27:00+05:30,-400.0,-178.10535216081325,-1100.3806939274118,False
best_later_frozen_selector,2021-12-22,2021-12-23 15:27:00+05:30,-400.0,-178.10535216081325,-1100.3806939274118,False
best_later_any_candidate,2021-12-22,2021-12-23 15:27:00+05:30,200.0,-87.4857696368768,-1100.3806939274118,False
same_timestamp_any_candidate,2021-12-22,2021-12-22 09:25:00+05:30,250.0,-1003.887900457948,-1100.3806939274118,False
first_positive,2022-02-01,2022-02-01 13:04:00+05:30,400.0,-2940.625197178383,-2940.625197178383,False
second_valid_timestamp,2022-02-01,2022-02-01 13:15:00+05:30,-400.0,-1401.2655181467971,-2940.625197178383,False
delay_15m,2022-02-01,2022-02-01 13:21:00+05:30,350.0,-1997.262554732684,-2940.625197178383,False
delay_30m,2022-02-01,2022-02-03 10:10:00+05:30,-300.0,-3176.4121607207944,-2940.625197178383,False
delay_60m,2022-02-01,2022-02-03 10:10:00+05:30,-300.0,-3176.4121607207944,-2940.625197178383,False
delay_120m,2022-02-01,2022-02-03 10:10:00+05:30,-300.0,-3176.4121607207944,-2940.625197178383,False
best_later_frozen_selector,2022-02-01,2022-02-01 13:16:00+05:30,-400.0,-1379.1931885603035,-2940.625197178383,False
best_later_any_candidate,2022-02-01,2022-02-03 15:21:00+05:30,200.0,-496.1627433299101,-2940.625197178383,False
same_timestamp_any_candidate,2022-02-01,2022-02-01 13:04:00+05:30,-400.0,-1778.4936042622317,-2940.625197178383,False
first_positive,2022-02-09,2022-02-09 15:08:00+05:30,-400.0,-195.08213767864544,-195.08213767864544,False
second_valid_timestamp,2022-02-09,2022-02-10 09:21:00+05:30,350.0,-317.6342714677258,-195.08213767864544,False
delay_15m,2022-02-09,2022-02-10 09:21:00+05:30,350.0,-317.6342714677258,-195.08213767864544,False
delay_30m,2022-02-09,2022-02-10 09:21:00+05:30,350.0,-317.6342714677258,-195.08213767864544,False
delay_60m,2022-02-09,2022-02-10 09:21:00+05:30,350.0,-317.6342714677258,-195.08213767864544,False
delay_120m,2022-02-09,2022-02-10 09:21:00+05:30,350.0,-317.6342714677258,-195.08213767864544,False
best_later_frozen_selector,2022-02-09,2022-02-10 09:23:00+05:30,-350.0,131.24070934807455,-195.08213767864544,True
best_later_any_candidate,2022-02-09,2022-02-10 15:27:00+05:30,100.0,146.27194899707402,-195.08213767864544,True
same_timestamp_any_candidate,2022-02-09,2022-02-09 15:08:00+05:30,-300.0,-184.706997596626,-195.08213767864544,False
first_positive,2022-02-14,2022-02-14 09:21:00+05:30,-250.0,-102.72763109769548,-102.72763109769548,False
second_valid_timestamp,2022-02-14,2022-02-14 09:23:00+05:30,-350.0,-316.47599422735254,-102.72763109769548,False
delay_15m,2022-02-14,2022-02-14 09:49:00+05:30,-350.0,-98.09482601950988,-102.72763109769548,False
delay_30m,2022-02-14,2022-02-14 10:10:00+05:30,-400.0,-2249.138689586837,-102.72763109769548,False
delay_60m,2022-02-14,2022-02-14 10:49:00+05:30,50.0,-1781.4811474229366,-102.72763109769548,False
delay_120m,2022-02-14,2022-02-14 14:47:00+05:30,-250.0,-292.57579861341765,-102.72763109769548,False
best_later_frozen_selector,2022-02-14,2022-02-14 09:49:00+05:30,-350.0,-98.09482601950988,-102.72763109769548,False
best_later_any_candidate,2022-02-14,2022-02-14 14:47:00+05:30,-350.0,387.1437137948533,-102.72763109769548,True
same_timestamp_any_candidate,2022-02-14,2022-02-14 09:21:00+05:30,-350.0,-31.23578836563172,-102.72763109769548,False
first_positive,2022-02-24,2022-02-24 11:17:00+05:30,-350.0,-2495.3978928298548,-2495.3978928298548,False
second_valid_timestamp,2022-02-24,2022-02-24 12:36:00+05:30,-300.0,-1541.5656303251706,-2495.3978928298548,False
delay_15m,2022-02-24,2022-02-24 12:36:00+05:30,-300.0,-1541.5656303251706,-2495.3978928298548,False
delay_30m,2022-02-24,2022-02-24 12:36:00+05:30,-300.0,-1541.5656303251706,-2495.3978928298548,False
delay_60m,2022-02-24,2022-02-24 12:36:00+05:30,-300.0,-1541.5656303251706,-2495.3978928298548,False
delay_120m,2022-02-24,2022-02-24 13:47:00+05:30,-400.0,-1359.5406058691804,-2495.3978928298548,False
best_later_frozen_selector,2022-02-24,2022-02-24 13:15:00+05:30,-400.0,-853.647572391889,-2495.3978928298548,False
best_later_any_candidate,2022-02-24,2022-02-24 12:37:00+05:30,100.0,-597.2627089248953,-2495.3978928298548,False
same_timestamp_any_candidate,2022-02-24,2022-02-24 11:17:00+05:30,50.0,-1405.206552956454,-2495.3978928298548,False
first_positive,2022-03-10,2022-03-10 09:44:00+05:30,-400.0,-2659.54753425608,-2659.54753425608,False
second_valid_timestamp,2022-03-10,2022-03-10 10:15:00+05:30,-200.0,-2001.326666116358,-2659.54753425608,False
delay_15m,2022-03-10,2022-03-10 10:15:00+05:30,-200.0,-2001.326666116358,-2659.54753425608,False
delay_30m,2022-03-10,2022-03-10 10:15:00+05:30,-200.0,-2001.326666116358,-2659.54753425608,False
delay_60m,2022-03-10,2022-03-10 10:45:00+05:30,-350.0,-2595.1195183183204,-2659.54753425608,False
delay_120m,2022-03-10,2022-03-10 12:15:00+05:30,-150.0,-2624.0136903732564,-2659.54753425608,False
best_later_frozen_selector,2022-03-10,2022-03-10 15:26:00+05:30,-150.0,-856.1670817413204,-2659.54753425608,False
best_later_any_candidate,2022-03-10,2022-03-10 15:26:00+05:30,400.0,-701.3972464188953,-2659.54753425608,False
same_timestamp_any_candidate,2022-03-10,2022-03-10 09:44:00+05:30,-150.0,-1931.1419040304063,-2659.54753425608,False
first_positive,2022-03-22,2022-03-22 12:42:00+05:30,400.0,-661.0254982316355,-661.0254982316355,False
second_valid_timestamp,2022-03-22,2022-03-24 15:25:00+05:30,-400.0,-1057.2931136949942,-661.0254982316355,False
delay_15m,2022-03-22,2022-03-24 15:25:00+05:30,-400.0,-1057.2931136949942,-661.0254982316355,False
delay_30m,2022-03-22,2022-03-24 15:25:00+05:30,-400.0,-1057.2931136949942,-661.0254982316355,False
delay_60m,2022-03-22,2022-03-24 15:25:00+05:30,-400.0,-1057.2931136949942,-661.0254982316355,False
delay_120m,2022-03-22,2022-03-24 15:25:00+05:30,-400.0,-1057.2931136949942,-661.0254982316355,False
best_later_frozen_selector,2022-03-22,2022-03-24 15:25:00+05:30,-400.0,-1057.2931136949942,-661.0254982316355,False
best_later_any_candidate,2022-03-22,2022-03-24 15:25:00+05:30,0.0,-614.1571392284352,-661.0254982316355,False
same_timestamp_any_candidate,2022-03-22,2022-03-22 12:42:00+05:30,400.0,-661.0254982316355,-661.0254982316355,False
first_positive,2022-04-28,2022-04-28 15:13:00+05:30,-150.0,-69.77882701980133,-69.77882701980133,False
second_valid_timestamp,2022-04-28,2022-04-28 15:15:00+05:30,200.0,637.7503103443244,-69.77882701980133,True
best_later_frozen_selector,2022-04-28,2022-04-28 15:15:00+05:30,200.0,637.7503103443244,-69.77882701980133,True
best_later_any_candidate,2022-04-28,2022-04-28 15:15:00+05:30,200.0,637.7503103443244,-69.77882701980133,True
same_timestamp_any_candidate,2022-04-28,2022-04-28 15:13:00+05:30,200.0,-5.513171120501255,-69.77882701980133,False
first_positive,2022-05-04,2022-05-04 13:03:00+05:30,-250.0,-124.46967944532224,-124.46967944532224,False
second_valid_timestamp,2022-05-04,2022-05-04 14:04:00+05:30,-300.0,-612.9678933698442,-124.46967944532224,False
delay_15m,2022-05-04,2022-05-04 14:04:00+05:30,-300.0,-612.9678933698442,-124.46967944532224,False
delay_30m,2022-05-04,2022-05-04 14:04:00+05:30,-300.0,-612.9678933698442,-124.46967944532224,False
delay_60m,2022-05-04,2022-05-04 14:04:00+05:30,-300.0,-612.9678933698442,-124.46967944532224,False
delay_120m,2022-05-04,2022-05-05 14:25:00+05:30,-350.0,-125.73048041341109,-124.46967944532224,False
best_later_frozen_selector,2022-05-04,2022-05-05 15:01:00+05:30,-350.0,40.2552835285401,-124.46967944532224,True
best_later_any_candidate,2022-05-04,2022-05-05 15:01:00+05:30,-350.0,40.2552835285401,-124.46967944532224,True
same_timestamp_any_candidate,2022-05-04,2022-05-04 13:03:00+05:30,-250.0,-124.46967944532224,-124.46967944532224,False
first_positive,2022-05-16,2022-05-16 15:25:00+05:30,400.0,-1726.8628053807445,-1726.8628053807445,False
second_valid_timestamp,2022-05-16,2022-05-17 11:25:00+05:30,250.0,-1201.6113857875962,-1726.8628053807445,False
delay_15m,2022-05-16,2022-05-17 11:25:00+05:30,250.0,-1201.6113857875962,-1726.8628053807445,False
delay_30m,2022-05-16,2022-05-17 11:25:00+05:30,250.0,-1201.6113857875962,-1726.8628053807445,False
delay_60m,2022-05-16,2022-05-17 11:25:00+05:30,250.0,-1201.6113857875962,-1726.8628053807445,False
delay_120m,2022-05-16,2022-05-17 11:25:00+05:30,250.0,-1201.6113857875962,-1726.8628053807445,False
best_later_frozen_selector,2022-05-16,2022-05-19 15:13:00+05:30,-150.0,652.9413729078473,-1726.8628053807445,True
best_later_any_candidate,2022-05-16,2022-05-19 15:13:00+05:30,-250.0,985.7317339788696,-1726.8628053807445,True
same_timestamp_any_candidate,2022-05-16,2022-05-16 15:25:00+05:30,-300.0,-1481.3857768920443,-1726.8628053807445,False
first_positive,2022-05-31,2022-05-31 15:10:00+05:30,-400.0,-2.5446562165710134,-2.5446562165710134,False
second_valid_timestamp,2022-05-31,2022-05-31 15:21:00+05:30,400.0,212.6584676200079,-2.5446562165710134,True
delay_15m,2022-05-31,2022-06-01 13:25:00+05:30,-300.0,462.1258031043385,-2.5446562165710134,True
delay_30m,2022-05-31,2022-06-01 13:25:00+05:30,-300.0,462.1258031043385,-2.5446562165710134,True
delay_60m,2022-05-31,2022-06-01 13:25:00+05:30,-300.0,462.1258031043385,-2.5446562165710134,True
delay_120m,2022-05-31,2022-06-01 13:25:00+05:30,-300.0,462.1258031043385,-2.5446562165710134,True
best_later_frozen_selector,2022-05-31,2022-06-02 13:45:00+05:30,-350.0,1254.2023521902672,-2.5446562165710134,True
best_later_any_candidate,2022-05-31,2022-06-02 13:44:00+05:30,350.0,1306.4738764386675,-2.5446562165710134,True
same_timestamp_any_candidate,2022-05-31,2022-05-31 15:10:00+05:30,-50.0,191.6924160021385,-2.5446562165710134,True
first_positive,2022-06-28,2022-06-28 15:29:00+05:30,-350.0,-3530.0191555323195,-3530.0191555323195,False
second_valid_timestamp,2022-06-28,2022-06-29 15:29:00+05:30,350.0,-2769.9576890405974,-3530.0191555323195,False
delay_15m,2022-06-28,2022-06-29 15:29:00+05:30,350.0,-2769.9576890405974,-3530.0191555323195,False
delay_30m,2022-06-28,2022-06-29 15:29:00+05:30,350.0,-2769.9576890405974,-3530.0191555323195,False
delay_60m,2022-06-28,2022-06-29 15:29:00+05:30,350.0,-2769.9576890405974,-3530.0191555323195,False
delay_120m,2022-06-28,2022-06-29 15:29:00+05:30,350.0,-2769.9576890405974,-3530.0191555323195,False
best_later_frozen_selector,2022-06-28,2022-06-30 15:04:00+05:30,-400.0,-1822.3465533138344,-3530.0191555323195,False
best_later_any_candidate,2022-06-28,2022-06-30 15:04:00+05:30,250.0,-1444.3449271301497,-3530.0191555323195,False
same_timestamp_any_candidate,2022-06-28,2022-06-28 15:29:00+05:30,300.0,-3422.206028985257,-3530.0191555323195,False
first_positive,2022-07-12,2022-07-12 13:36:00+05:30,-200.0,-255.4330192412542,-255.4330192412542,False
second_valid_timestamp,2022-07-12,2022-07-13 13:05:00+05:30,-350.0,-382.5856270774127,-255.4330192412542,False
delay_15m,2022-07-12,2022-07-13 13:05:00+05:30,-350.0,-382.5856270774127,-255.4330192412542,False
delay_30m,2022-07-12,2022-07-13 13:05:00+05:30,-350.0,-382.5856270774127,-255.4330192412542,False
delay_60m,2022-07-12,2022-07-13 13:05:00+05:30,-350.0,-382.5856270774127,-255.4330192412542,False
delay_120m,2022-07-12,2022-07-13 13:05:00+05:30,-350.0,-382.5856270774127,-255.4330192412542,False
best_later_frozen_selector,2022-07-12,2022-07-14 15:14:00+05:30,-400.0,774.6316496095336,-255.4330192412542,True
best_later_any_candidate,2022-07-12,2022-07-14 15:14:00+05:30,-400.0,774.6316496095336,-255.4330192412542,True
same_timestamp_any_candidate,2022-07-12,2022-07-12 13:36:00+05:30,-200.0,-255.4330192412542,-255.4330192412542,False
first_positive,2022-07-25,2022-07-25 14:35:00+05:30,-350.0,-245.34982779052436,-245.34982779052436,False
second_valid_timestamp,2022-07-25,2022-07-26 14:41:00+05:30,350.0,300.12717273005995,-245.34982779052436,True
delay_15m,2022-07-25,2022-07-26 14:41:00+05:30,350.0,300.12717273005995,-245.34982779052436,True
delay_30m,2022-07-25,2022-07-26 14:41:00+05:30,350.0,300.12717273005995,-245.34982779052436,True
delay_60m,2022-07-25,2022-07-26 14:41:00+05:30,350.0,300.12717273005995,-245.34982779052436,True
delay_120m,2022-07-25,2022-07-26 14:41:00+05:30,350.0,300.12717273005995,-245.34982779052436,True
best_later_frozen_selector,2022-07-25,2022-07-26 14:41:00+05:30,350.0,300.12717273005995,-245.34982779052436,True
best_later_any_candidate,2022-07-25,2022-07-26 14:41:00+05:30,350.0,300.12717273005995,-245.34982779052436,True
same_timestamp_any_candidate,2022-07-25,2022-07-25 14:35:00+05:30,350.0,191.93078529906504,-245.34982779052436,True
first_positive,2022-08-01,2022-08-01 09:23:00+05:30,400.0,-807.738034855973,-807.738034855973,False
second_valid_timestamp,2022-08-01,2022-08-02 15:29:00+05:30,-50.0,-1431.9220409073332,-807.738034855973,False
delay_15m,2022-08-01,2022-08-02 15:29:00+05:30,-50.0,-1431.9220409073332,-807.738034855973,False
delay_30m,2022-08-01,2022-08-02 15:29:00+05:30,-50.0,-1431.9220409073332,-807.738034855973,False
delay_60m,2022-08-01,2022-08-02 15:29:00+05:30,-50.0,-1431.9220409073332,-807.738034855973,False
delay_120m,2022-08-01,2022-08-02 15:29:00+05:30,-50.0,-1431.9220409073332,-807.738034855973,False
best_later_frozen_selector,2022-08-01,2022-08-04 15:25:00+05:30,-200.0,87.59530876585288,-807.738034855973,True
best_later_any_candidate,2022-08-01,2022-08-04 15:25:00+05:30,-200.0,87.59530876585288,-807.738034855973,True
same_timestamp_any_candidate,2022-08-01,2022-08-01 09:23:00+05:30,400.0,-807.738034855973,-807.738034855973,False
first_positive,2022-08-25,2022-08-25 14:56:00+05:30,-250.0,-348.17094416967046,-348.17094416967046,False
second_valid_timestamp,2022-08-25,2022-08-25 14:57:00+05:30,-350.0,-274.2583724853206,-348.17094416967046,False
delay_15m,2022-08-25,2022-08-25 15:13:00+05:30,-100.0,936.0015005563644,-348.17094416967046,True
delay_30m,2022-08-25,2022-08-25 15:28:00+05:30,-400.0,15.954973412945977,-348.17094416967046,True
best_later_frozen_selector,2022-08-25,2022-08-25 15:13:00+05:30,-100.0,936.0015005563644,-348.17094416967046,True
best_later_any_candidate,2022-08-25,2022-08-25 15:13:00+05:30,300.0,1061.9628056070926,-348.17094416967046,True
same_timestamp_any_candidate,2022-08-25,2022-08-25 14:56:00+05:30,-400.0,263.6936967997756,-348.17094416967046,True
first_positive,2022-09-12,2022-09-12 09:37:00+05:30,-400.0,-345.09050040750344,-345.09050040750344,False
second_valid_timestamp,2022-09-12,2022-09-14 09:20:00+05:30,400.0,80.0223322277717,-345.09050040750344,True
delay_15m,2022-09-12,2022-09-14 09:20:00+05:30,400.0,80.0223322277717,-345.09050040750344,True
delay_30m,2022-09-12,2022-09-14 09:20:00+05:30,400.0,80.0223322277717,-345.09050040750344,True
delay_60m,2022-09-12,2022-09-14 09:20:00+05:30,400.0,80.0223322277717,-345.09050040750344,True
delay_120m,2022-09-12,2022-09-14 09:20:00+05:30,400.0,80.0223322277717,-345.09050040750344,True
best_later_frozen_selector,2022-09-12,2022-09-15 11:17:00+05:30,-400.0,352.4030038392797,-345.09050040750344,True
best_later_any_candidate,2022-09-12,2022-09-15 09:56:00+05:30,-50.0,379.5076807029037,-345.09050040750344,True
same_timestamp_any_candidate,2022-09-12,2022-09-12 09:37:00+05:30,300.0,-101.31757946087856,-345.09050040750344,False
first_positive,2022-10-04,2022-10-04 09:21:00+05:30,-300.0,-1200.8607515353604,-1200.8607515353604,False
second_valid_timestamp,2022-10-04,2022-10-04 09:23:00+05:30,-350.0,-817.7312402911452,-1200.8607515353604,False
delay_15m,2022-10-04,2022-10-04 09:52:00+05:30,250.0,-1216.912894235889,-1200.8607515353604,False
delay_30m,2022-10-04,2022-10-04 09:52:00+05:30,250.0,-1216.912894235889,-1200.8607515353604,False
delay_60m,2022-10-04,2022-10-06 09:24:00+05:30,350.0,-1035.7761312777734,-1200.8607515353604,False
delay_120m,2022-10-04,2022-10-06 09:24:00+05:30,350.0,-1035.7761312777734,-1200.8607515353604,False
best_later_frozen_selector,2022-10-04,2022-10-06 14:42:00+05:30,400.0,151.16008825609228,-1200.8607515353604,True
best_later_any_candidate,2022-10-04,2022-10-06 14:42:00+05:30,400.0,151.16008825609228,-1200.8607515353604,True
same_timestamp_any_candidate,2022-10-04,2022-10-04 09:21:00+05:30,-300.0,-1200.8607515353604,-1200.8607515353604,False
first_positive,2022-10-17,2022-10-17 15:23:00+05:30,-250.0,-1594.9801415910947,-1594.9801415910947,False
second_valid_timestamp,2022-10-17,2022-10-17 15:27:00+05:30,-250.0,-1623.6259181584282,-1594.9801415910947,False
delay_15m,2022-10-17,2022-10-18 09:39:00+05:30,-400.0,-2000.123319405468,-1594.9801415910947,False
delay_30m,2022-10-17,2022-10-18 09:39:00+05:30,-400.0,-2000.123319405468,-1594.9801415910947,False
delay_60m,2022-10-17,2022-10-18 09:39:00+05:30,-400.0,-2000.123319405468,-1594.9801415910947,False
delay_120m,2022-10-17,2022-10-18 09:39:00+05:30,-400.0,-2000.123319405468,-1594.9801415910947,False
best_later_frozen_selector,2022-10-17,2022-10-20 14:01:00+05:30,-350.0,371.703193738378,-1594.9801415910947,True
best_later_any_candidate,2022-10-17,2022-10-20 14:01:00+05:30,350.0,401.8889420436384,-1594.9801415910947,True
same_timestamp_any_candidate,2022-10-17,2022-10-17 15:23:00+05:30,-200.0,-796.0164800268728,-1594.9801415910947,False
first_positive,2022-12-15,2022-12-15 15:22:00+05:30,400.0,-588.0234138381581,-588.0234138381581,False
second_valid_timestamp,2022-12-15,2022-12-15 15:23:00+05:30,-300.0,-198.16801900569385,-588.0234138381581,False
best_later_frozen_selector,2022-12-15,2022-12-15 15:26:00+05:30,400.0,-23.811250762632284,-588.0234138381581,False
best_later_any_candidate,2022-12-15,2022-12-15 15:26:00+05:30,-250.0,446.53933385993207,-588.0234138381581,True
same_timestamp_any_candidate,2022-12-15,2022-12-15 15:22:00+05:30,150.0,-239.09246562526008,-588.0234138381581,False
first_positive,2023-01-19,2023-01-19 15:17:00+05:30,-350.0,-770.8072704276866,-770.8072704276866,False
second_valid_timestamp,2023-01-19,2023-01-19 15:27:00+05:30,-300.0,-225.4682309707765,-770.8072704276866,False
best_later_frozen_selector,2023-01-19,2023-01-19 15:27:00+05:30,-300.0,-225.4682309707765,-770.8072704276866,False
best_later_any_candidate,2023-01-19,2023-01-19 15:29:00+05:30,150.0,13.25517381617476,-770.8072704276866,True
same_timestamp_any_candidate,2023-01-19,2023-01-19 15:17:00+05:30,-100.0,-418.27244898622433,-770.8072704276866,False
first_positive,2023-01-25,2023-01-25 15:29:00+05:30,-350.0,-345.87067003009554,-345.87067003009554,False
same_timestamp_any_candidate,2023-01-25,2023-01-25 15:29:00+05:30,300.0,344.7804052737684,-345.87067003009554,True
first_positive,2023-03-23,2023-03-23 15:08:00+05:30,50.0,-277.5789256672838,-277.5789256672838,False
second_valid_timestamp,2023-03-23,2023-03-23 15:29:00+05:30,-150.0,-274.4631670780352,-277.5789256672838,False
delay_15m,2023-03-23,2023-03-23 15:29:00+05:30,-150.0,-274.4631670780352,-277.5789256672838,False
best_later_frozen_selector,2023-03-23,2023-03-23 15:29:00+05:30,-150.0,-274.4631670780352,-277.5789256672838,False
best_later_any_candidate,2023-03-23,2023-03-23 15:29:00+05:30,-50.0,-198.03523698420733,-277.5789256672838,False
same_timestamp_any_candidate,2023-03-23,2023-03-23 15:08:00+05:30,-50.0,-164.68417975665875,-277.5789256672838,False
first_positive,2023-07-06,2023-07-06 14:18:00+05:30,350.0,-612.6974846260337,-612.6974846260337,False
second_valid_timestamp,2023-07-06,2023-07-06 14:20:00+05:30,-400.0,-919.546337536326,-612.6974846260337,False
delay_15m,2023-07-06,2023-07-06 15:00:00+05:30,-350.0,-541.9616860938597,-612.6974846260337,False
delay_30m,2023-07-06,2023-07-06 15:00:00+05:30,-350.0,-541.9616860938597,-612.6974846260337,False
delay_60m,2023-07-06,2023-07-06 15:20:00+05:30,-400.0,-245.83411321666065,-612.6974846260337,False
best_later_frozen_selector,2023-07-06,2023-07-06 15:14:00+05:30,-400.0,7.514579555019139,-612.6974846260337,True
best_later_any_candidate,2023-07-06,2023-07-06 15:14:00+05:30,-300.0,71.64362742150178,-612.6974846260337,True
same_timestamp_any_candidate,2023-07-06,2023-07-06 14:18:00+05:30,350.0,-612.6974846260337,-612.6974846260337,False
first_positive,2023-07-18,2023-07-18 09:20:00+05:30,350.0,-676.418033132582,-676.418033132582,False
second_valid_timestamp,2023-07-18,2023-07-18 11:46:00+05:30,350.0,-632.9476436610951,-676.418033132582,False
delay_15m,2023-07-18,2023-07-18 11:46:00+05:30,350.0,-632.9476436610951,-676.418033132582,False
delay_30m,2023-07-18,2023-07-18 11:46:00+05:30,350.0,-632.9476436610951,-676.418033132582,False
delay_60m,2023-07-18,2023-07-18 11:46:00+05:30,350.0,-632.9476436610951,-676.418033132582,False
delay_120m,2023-07-18,2023-07-18 11:46:00+05:30,350.0,-632.9476436610951,-676.418033132582,False
best_later_frozen_selector,2023-07-18,2023-07-20 14:34:00+05:30,300.0,473.3935598057585,-676.418033132582,True
best_later_any_candidate,2023-07-18,2023-07-20 14:34:00+05:30,300.0,473.3935598057585,-676.418033132582,True
same_timestamp_any_candidate,2023-07-18,2023-07-18 09:20:00+05:30,350.0,-676.418033132582,-676.418033132582,False
first_positive,2023-08-17,2023-08-17 09:41:00+05:30,-250.0,-8.13599399617155,-8.13599399617155,False
second_valid_timestamp,2023-08-17,2023-08-17 09:58:00+05:30,-350.0,125.88617847891626,-8.13599399617155,True
delay_15m,2023-08-17,2023-08-17 09:58:00+05:30,-350.0,125.88617847891626,-8.13599399617155,True
best_later_frozen_selector,2023-08-17,2023-08-17 10:00:00+05:30,250.0,171.57826717040535,-8.13599399617155,True
best_later_any_candidate,2023-08-17,2023-08-17 10:00:00+05:30,250.0,171.57826717040535,-8.13599399617155,True
same_timestamp_any_candidate,2023-08-17,2023-08-17 09:41:00+05:30,350.0,69.11876815301537,-8.13599399617155,True
first_positive,2023-09-07,2023-09-07 13:25:00+05:30,300.0,-187.6974330927248,-187.6974330927248,False
second_valid_timestamp,2023-09-07,2023-09-07 14:00:00+05:30,300.0,405.691619267001,-187.6974330927248,True
delay_15m,2023-09-07,2023-09-07 14:00:00+05:30,300.0,405.691619267001,-187.6974330927248,True
delay_30m,2023-09-07,2023-09-07 14:00:00+05:30,300.0,405.691619267001,-187.6974330927248,True
delay_60m,2023-09-07,2023-09-07 14:46:00+05:30,400.0,597.8218010157535,-187.6974330927248,True
delay_120m,2023-09-07,2023-09-07 15:27:00+05:30,-350.0,-323.6681564701582,-187.6974330927248,False
best_later_frozen_selector,2023-09-07,2023-09-07 14:46:00+05:30,400.0,597.8218010157535,-187.6974330927248,True
best_later_any_candidate,2023-09-07,2023-09-07 14:46:00+05:30,400.0,597.8218010157535,-187.6974330927248,True
same_timestamp_any_candidate,2023-09-07,2023-09-07 13:25:00+05:30,300.0,-187.6974330927248,-187.6974330927248,False
first_positive,2023-10-04,2023-10-04 14:46:00+05:30,-350.0,-27.27416989788384,-27.27416989788384,False
second_valid_timestamp,2023-10-04,2023-10-04 15:29:00+05:30,-300.0,-302.96384604279785,-27.27416989788384,False
delay_15m,2023-10-04,2023-10-04 15:29:00+05:30,-300.0,-302.96384604279785,-27.27416989788384,False
delay_30m,2023-10-04,2023-10-04 15:29:00+05:30,-300.0,-302.96384604279785,-27.27416989788384,False
delay_60m,2023-10-04,2023-10-05 09:32:00+05:30,-250.0,-170.87442641115626,-27.27416989788384,False
delay_120m,2023-10-04,2023-10-05 09:32:00+05:30,-250.0,-170.87442641115626,-27.27416989788384,False
best_later_frozen_selector,2023-10-04,2023-10-05 10:10:00+05:30,-350.0,142.54842377066382,-27.27416989788384,True
best_later_any_candidate,2023-10-04,2023-10-05 10:10:00+05:30,100.0,202.8461702568416,-27.27416989788384,True
same_timestamp_any_candidate,2023-10-04,2023-10-04 14:46:00+05:30,-350.0,-27.27416989788384,-27.27416989788384,False
first_positive,2023-10-16,2023-10-16 09:29:00+05:30,400.0,-255.6478921694312,-255.6478921694312,False
second_valid_timestamp,2023-10-16,2023-10-16 11:46:00+05:30,-350.0,-380.4336277472347,-255.6478921694312,False
delay_15m,2023-10-16,2023-10-16 11:46:00+05:30,-350.0,-380.4336277472347,-255.6478921694312,False
delay_30m,2023-10-16,2023-10-16 11:46:00+05:30,-350.0,-380.4336277472347,-255.6478921694312,False
delay_60m,2023-10-16,2023-10-16 11:46:00+05:30,-350.0,-380.4336277472347,-255.6478921694312,False
delay_120m,2023-10-16,2023-10-16 11:46:00+05:30,-350.0,-380.4336277472347,-255.6478921694312,False
best_later_frozen_selector,2023-10-16,2023-10-19 11:28:00+05:30,-350.0,1422.7039760545408,-255.6478921694312,True
best_later_any_candidate,2023-10-16,2023-10-19 11:27:00+05:30,250.0,1487.130938385605,-255.6478921694312,True
same_timestamp_any_candidate,2023-10-16,2023-10-16 09:29:00+05:30,400.0,-255.6478921694312,-255.6478921694312,False
first_positive,2024-02-01,2024-02-01 15:04:00+05:30,-300.0,-580.746342793347,-580.746342793347,False
second_valid_timestamp,2024-02-01,2024-02-01 15:06:00+05:30,300.0,-632.8851560825891,-580.746342793347,False
delay_15m,2024-02-01,2024-02-01 15:25:00+05:30,-400.0,-659.645720751532,-580.746342793347,False
best_later_frozen_selector,2024-02-01,2024-02-01 15:15:00+05:30,-350.0,-181.1645273328612,-580.746342793347,False
best_later_any_candidate,2024-02-01,2024-02-01 15:14:00+05:30,100.0,121.1194509358418,-580.746342793347,True
same_timestamp_any_candidate,2024-02-01,2024-02-01 15:04:00+05:30,100.0,-297.61322260485827,-580.746342793347,False
first_positive,2024-03-07,2024-03-07 15:13:00+05:30,-350.0,-1044.0927186816623,-1044.0927186816623,False
second_valid_timestamp,2024-03-07,2024-03-07 15:16:00+05:30,-400.0,-1064.7023264889508,-1044.0927186816623,False
delay_15m,2024-03-07,2024-03-07 15:29:00+05:30,-50.0,-187.77730719062416,-1044.0927186816623,False
best_later_frozen_selector,2024-03-07,2024-03-07 15:29:00+05:30,-50.0,-187.77730719062416,-1044.0927186816623,False
best_later_any_candidate,2024-03-07,2024-03-07 15:29:00+05:30,100.0,-98.30980675898483,-1044.0927186816623,False
same_timestamp_any_candidate,2024-03-07,2024-03-07 15:13:00+05:30,100.0,-975.8245318137874,-1044.0927186816623,False
first_positive,2024-06-26,2024-06-26 15:29:00+05:30,200.0,-53.04962913713069,-53.04962913713069,False
second_valid_timestamp,2024-06-26,2024-06-27 12:12:00+05:30,-400.0,-236.02454870371028,-53.04962913713069,False
delay_15m,2024-06-26,2024-06-27 12:12:00+05:30,-400.0,-236.02454870371028,-53.04962913713069,False
delay_30m,2024-06-26,2024-06-27 12:12:00+05:30,-400.0,-236.02454870371028,-53.04962913713069,False
delay_60m,2024-06-26,2024-06-27 12:12:00+05:30,-400.0,-236.02454870371028,-53.04962913713069,False
delay_120m,2024-06-26,2024-06-27 12:12:00+05:30,-400.0,-236.02454870371028,-53.04962913713069,False
best_later_frozen_selector,2024-06-26,2024-06-27 14:56:00+05:30,350.0,432.7216463372565,-53.04962913713069,True
best_later_any_candidate,2024-06-26,2024-06-27 14:48:00+05:30,0.0,450.93716084159365,-53.04962913713069,True
same_timestamp_any_candidate,2024-06-26,2024-06-26 15:29:00+05:30,200.0,-53.04962913713069,-53.04962913713069,False
first_positive,2024-07-29,2024-07-29 09:33:00+05:30,-350.0,-623.2175444942279,-623.2175444942279,False
second_valid_timestamp,2024-07-29,2024-07-29 12:20:00+05:30,-400.0,-347.0136199847906,-623.2175444942279,False
delay_15m,2024-07-29,2024-07-29 12:20:00+05:30,-400.0,-347.0136199847906,-623.2175444942279,False
delay_30m,2024-07-29,2024-07-29 12:20:00+05:30,-400.0,-347.0136199847906,-623.2175444942279,False
delay_60m,2024-07-29,2024-07-29 12:20:00+05:30,-400.0,-347.0136199847906,-623.2175444942279,False
delay_120m,2024-07-29,2024-07-29 12:20:00+05:30,-400.0,-347.0136199847906,-623.2175444942279,False
best_later_frozen_selector,2024-07-29,2024-08-01 15:23:00+05:30,-400.0,-50.84696595255953,-623.2175444942279,False
best_later_any_candidate,2024-07-29,2024-08-01 15:19:00+05:30,-150.0,140.99741970715797,-623.2175444942279,True
same_timestamp_any_candidate,2024-07-29,2024-07-29 09:33:00+05:30,350.0,-476.25159821621,-623.2175444942279,False
first_positive,2024-08-05,2024-08-05 10:56:00+05:30,-400.0,-636.9105113080664,-636.9105113080664,False
second_valid_timestamp,2024-08-05,2024-08-05 11:27:00+05:30,250.0,-533.8297043578364,-636.9105113080664,False
delay_15m,2024-08-05,2024-08-05 11:27:00+05:30,250.0,-533.8297043578364,-636.9105113080664,False
delay_30m,2024-08-05,2024-08-05 11:27:00+05:30,250.0,-533.8297043578364,-636.9105113080664,False
delay_60m,2024-08-05,2024-08-05 13:47:00+05:30,-350.0,-299.434497079803,-636.9105113080664,False
delay_120m,2024-08-05,2024-08-05 13:47:00+05:30,-350.0,-299.434497079803,-636.9105113080664,False
best_later_frozen_selector,2024-08-05,2024-08-08 12:20:00+05:30,-400.0,186.72467277520283,-636.9105113080664,True
best_later_any_candidate,2024-08-05,2024-08-08 12:20:00+05:30,-400.0,186.72467277520283,-636.9105113080664,True
same_timestamp_any_candidate,2024-08-05,2024-08-05 10:56:00+05:30,-350.0,-589.0545269696684,-636.9105113080664,False
first_positive,2024-09-09,2024-09-09 09:33:00+05:30,-350.0,-2299.676413476311,-2299.676413476311,False
second_valid_timestamp,2024-09-09,2024-09-12 14:05:00+05:30,150.0,-1974.558697281254,-2299.676413476311,False
delay_15m,2024-09-09,2024-09-12 14:05:00+05:30,150.0,-1974.558697281254,-2299.676413476311,False
delay_30m,2024-09-09,2024-09-12 14:05:00+05:30,150.0,-1974.558697281254,-2299.676413476311,False
delay_60m,2024-09-09,2024-09-12 14:05:00+05:30,150.0,-1974.558697281254,-2299.676413476311,False
delay_120m,2024-09-09,2024-09-12 14:05:00+05:30,150.0,-1974.558697281254,-2299.676413476311,False
best_later_frozen_selector,2024-09-09,2024-09-12 15:21:00+05:30,-300.0,397.4224565168148,-2299.676413476311,True
best_later_any_candidate,2024-09-09,2024-09-12 15:23:00+05:30,100.0,484.85484812710143,-2299.676413476311,True
same_timestamp_any_candidate,2024-09-09,2024-09-09 09:33:00+05:30,-200.0,-2153.5158218312163,-2299.676413476311,False
first_positive,2024-09-26,2024-09-26 13:26:00+05:30,-250.0,-986.4934176515922,-986.4934176515922,False
second_valid_timestamp,2024-09-26,2024-09-26 13:31:00+05:30,-50.0,-1058.868182201662,-986.4934176515922,False
delay_15m,2024-09-26,2024-09-26 14:40:00+05:30,350.0,-1103.2280191666605,-986.4934176515922,False
delay_30m,2024-09-26,2024-09-26 14:40:00+05:30,350.0,-1103.2280191666605,-986.4934176515922,False
delay_60m,2024-09-26,2024-09-26 14:40:00+05:30,350.0,-1103.2280191666605,-986.4934176515922,False
delay_120m,2024-09-26,2024-09-26 15:26:00+05:30,-400.0,-184.4917246030359,-986.4934176515922,False
best_later_frozen_selector,2024-09-26,2024-09-26 15:25:00+05:30,-350.0,-160.94581218822435,-986.4934176515922,False
best_later_any_candidate,2024-09-26,2024-09-26 15:25:00+05:30,200.0,-29.850429958473995,-986.4934176515922,False
same_timestamp_any_candidate,2024-09-26,2024-09-26 13:26:00+05:30,0.0,-932.9907487187492,-986.4934176515922,False
first_positive,2024-11-21,2024-11-21 14:58:00+05:30,-250.0,-248.9799888779204,-248.9799888779204,False
second_valid_timestamp,2024-11-21,2024-11-21 15:01:00+05:30,-400.0,-316.94352846475147,-248.9799888779204,False
delay_15m,2024-11-21,2024-11-21 15:13:00+05:30,-300.0,-229.04300577970844,-248.9799888779204,False
delay_30m,2024-11-21,2024-11-21 15:29:00+05:30,-250.0,-330.8208178255443,-248.9799888779204,False
best_later_frozen_selector,2024-11-21,2024-11-21 15:04:00+05:30,-300.0,558.3596258219104,-248.9799888779204,True
best_later_any_candidate,2024-11-21,2024-11-21 15:04:00+05:30,-50.0,639.7025174037273,-248.9799888779204,True
same_timestamp_any_candidate,2024-11-21,2024-11-21 14:58:00+05:30,-50.0,-4.728599371097545,-248.9799888779204,False
first_positive,2025-01-02,2025-01-02 09:54:00+05:30,-350.0,-732.466825473587,-732.466825473587,False
second_valid_timestamp,2025-01-02,2025-01-02 10:50:00+05:30,-350.0,-1143.88154796681,-732.466825473587,False
delay_15m,2025-01-02,2025-01-02 10:50:00+05:30,-350.0,-1143.88154796681,-732.466825473587,False
delay_30m,2025-01-02,2025-01-02 10:50:00+05:30,-350.0,-1143.88154796681,-732.466825473587,False
delay_60m,2025-01-02,2025-01-02 10:54:00+05:30,-400.0,-902.4793954410416,-732.466825473587,False
delay_120m,2025-01-02,2025-01-02 12:30:00+05:30,-250.0,-876.3109827787197,-732.466825473587,False
best_later_frozen_selector,2025-01-02,2025-01-02 15:26:00+05:30,-350.0,265.7717850587925,-732.466825473587,True
best_later_any_candidate,2025-01-02,2025-01-02 15:26:00+05:30,100.0,460.5859242092312,-732.466825473587,True
same_timestamp_any_candidate,2025-01-02,2025-01-02 09:54:00+05:30,-350.0,-732.466825473587,-732.466825473587,False
first_positive,2025-03-06,2025-03-06 14:32:00+05:30,-350.0,-398.96386241180574,-398.96386241180574,False
second_valid_timestamp,2025-03-06,2025-03-06 14:43:00+05:30,-400.0,-133.36919095353056,-398.96386241180574,False
delay_15m,2025-03-06,2025-03-06 14:49:00+05:30,-200.0,144.72764305141914,-398.96386241180574,True
delay_30m,2025-03-06,2025-03-06 15:26:00+05:30,-350.0,-365.0335381033428,-398.96386241180574,False
best_later_frozen_selector,2025-03-06,2025-03-06 14:59:00+05:30,-350.0,190.0334214075789,-398.96386241180574,True
best_later_any_candidate,2025-03-06,2025-03-06 14:59:00+05:30,300.0,306.8097583424129,-398.96386241180574,True
same_timestamp_any_candidate,2025-03-06,2025-03-06 14:32:00+05:30,350.0,-131.14775746799577,-398.96386241180574,False
first_positive,2025-03-20,2025-03-20 15:13:00+05:30,-200.0,-396.247263411328,-396.247263411328,False
second_valid_timestamp,2025-03-20,2025-03-20 15:26:00+05:30,-250.0,-682.0397880770735,-396.247263411328,False
delay_15m,2025-03-20,2025-03-20 15:29:00+05:30,-350.0,-428.1220100649272,-396.247263411328,False
best_later_frozen_selector,2025-03-20,2025-03-20 15:29:00+05:30,-350.0,-428.1220100649272,-396.247263411328,False
best_later_any_candidate,2025-03-20,2025-03-20 15:29:00+05:30,-150.0,-91.29164710051036,-396.247263411328,False
same_timestamp_any_candidate,2025-03-20,2025-03-20 15:13:00+05:30,250.0,-386.1574206025056,-396.247263411328,False
first_positive,2025-04-03,2025-04-03 15:15:00+05:30,-350.0,-836.6252319751684,-836.6252319751684,False
second_valid_timestamp,2025-04-03,2025-04-03 15:20:00+05:30,-100.0,311.7775039012116,-836.6252319751684,True
best_later_frozen_selector,2025-04-03,2025-04-03 15:20:00+05:30,-100.0,311.7775039012116,-836.6252319751684,True
best_later_any_candidate,2025-04-03,2025-04-03 15:20:00+05:30,50.0,440.42842135295314,-836.6252319751684,True
same_timestamp_any_candidate,2025-04-03,2025-04-03 15:15:00+05:30,50.0,-690.1341048870573,-836.6252319751684,False
first_positive,2025-04-17,2025-04-17 11:36:00+05:30,400.0,-403.9770902828936,-403.9770902828936,False
second_valid_timestamp,2025-04-17,2025-04-17 11:41:00+05:30,-400.0,-886.153668146578,-403.9770902828936,False
delay_15m,2025-04-17,2025-04-17 11:51:00+05:30,250.0,-51.28441589521273,-403.9770902828936,False
delay_30m,2025-04-17,2025-04-17 12:06:00+05:30,-150.0,-815.6029533035894,-403.9770902828936,False
delay_60m,2025-04-17,2025-04-17 12:36:00+05:30,-250.0,99.88443873013992,-403.9770902828936,True
delay_120m,2025-04-17,2025-04-17 13:37:00+05:30,300.0,-498.2947747240264,-403.9770902828936,False
best_later_frozen_selector,2025-04-17,2025-04-17 14:23:00+05:30,-250.0,1122.031544148382,-403.9770902828936,True
best_later_any_candidate,2025-04-17,2025-04-17 14:15:00+05:30,-150.0,1150.0119440330118,-403.9770902828936,True
same_timestamp_any_candidate,2025-04-17,2025-04-17 11:36:00+05:30,400.0,-403.9770902828936,-403.9770902828936,False
first_positive,2025-04-30,2025-04-30 15:00:00+05:30,250.0,-2073.7475635837422,-2073.7475635837422,False
second_valid_timestamp,2025-04-30,2025-04-30 15:20:00+05:30,-350.0,-3385.1949571404484,-2073.7475635837422,False
delay_15m,2025-04-30,2025-04-30 15:20:00+05:30,-350.0,-3385.1949571404484,-2073.7475635837422,False
best_later_frozen_selector,2025-04-30,2025-04-30 15:26:00+05:30,100.0,-107.82190125562192,-2073.7475635837422,False
best_later_any_candidate,2025-04-30,2025-04-30 15:27:00+05:30,100.0,149.61453914483232,-2073.7475635837422,True
same_timestamp_any_candidate,2025-04-30,2025-04-30 15:00:00+05:30,250.0,-2073.7475635837422,-2073.7475635837422,False
first_positive,2025-05-08,2025-05-08 13:23:00+05:30,-400.0,-10052.106851599625,-10052.106851599625,False
second_valid_timestamp,2025-05-08,2025-05-08 13:38:00+05:30,-250.0,-9072.107908394384,-10052.106851599625,False
delay_15m,2025-05-08,2025-05-08 13:38:00+05:30,-250.0,-9072.107908394384,-10052.106851599625,False
delay_30m,2025-05-08,2025-05-08 14:12:00+05:30,-300.0,-8472.37803111799,-10052.106851599625,False
delay_60m,2025-05-08,2025-05-08 14:25:00+05:30,400.0,-8111.494484647627,-10052.106851599625,False
delay_120m,2025-05-08,2025-05-08 15:23:00+05:30,-300.0,-3946.5260285625873,-10052.106851599625,False
best_later_frozen_selector,2025-05-08,2025-05-08 15:28:00+05:30,-300.0,68.69415727575682,-10052.106851599625,True
best_later_any_candidate,2025-05-08,2025-05-08 15:28:00+05:30,200.0,757.5417502331475,-10052.106851599625,True
same_timestamp_any_candidate,2025-05-08,2025-05-08 13:23:00+05:30,0.0,-9455.135840084886,-10052.106851599625,False
first_positive,2025-05-15,2025-05-15 13:00:00+05:30,300.0,-2015.0257624972107,-2015.0257624972107,False
second_valid_timestamp,2025-05-15,2025-05-15 13:08:00+05:30,-400.0,-1627.1323908182212,-2015.0257624972107,False
delay_15m,2025-05-15,2025-05-15 13:15:00+05:30,-100.0,-537.916350613218,-2015.0257624972107,False
delay_30m,2025-05-15,2025-05-15 13:30:00+05:30,300.0,125.98054762479154,-2015.0257624972107,True
delay_60m,2025-05-15,2025-05-15 14:00:00+05:30,-250.0,-1250.2743369902985,-2015.0257624972107,False
delay_120m,2025-05-15,2025-05-15 15:00:00+05:30,-350.0,-1363.0359958597896,-2015.0257624972107,False
best_later_frozen_selector,2025-05-15,2025-05-15 13:48:00+05:30,300.0,1097.8726609845544,-2015.0257624972107,True
best_later_any_candidate,2025-05-15,2025-05-15 13:48:00+05:30,300.0,1097.8726609845544,-2015.0257624972107,True
same_timestamp_any_candidate,2025-05-15,2025-05-15 13:00:00+05:30,300.0,-2015.0257624972107,-2015.0257624972107,False
first_positive,2025-06-12,2025-06-12 15:25:00+05:30,-250.0,-1238.367764362211,-1238.367764362211,False
second_valid_timestamp,2025-06-12,2025-06-12 15:27:00+05:30,-200.0,-122.87302062852588,-1238.367764362211,False
best_later_frozen_selector,2025-06-12,2025-06-12 15:27:00+05:30,-200.0,-122.87302062852588,-1238.367764362211,False
best_later_any_candidate,2025-06-12,2025-06-12 15:27:00+05:30,0.0,-50.47053386448368,-1238.367764362211,False
same_timestamp_any_candidate,2025-06-12,2025-06-12 15:25:00+05:30,-150.0,-959.2954807265216,-1238.367764362211,False
first_positive,2025-06-19,2025-06-19 15:24:00+05:30,-50.0,-910.9445752167736,-910.9445752167736,False
second_valid_timestamp,2025-06-19,2025-06-19 15:25:00+05:30,-400.0,-898.0356907579626,-910.9445752167736,False
best_later_frozen_selector,2025-06-19,2025-06-19 15:26:00+05:30,-100.0,-345.5548812726335,-910.9445752167736,False
best_later_any_candidate,2025-06-19,2025-06-19 15:26:00+05:30,0.0,-62.66882434848654,-910.9445752167736,False
same_timestamp_any_candidate,2025-06-19,2025-06-19 15:24:00+05:30,-50.0,-910.9445752167736,-910.9445752167736,False
first_positive,2025-06-23,2025-06-23 10:51:00+05:30,-250.0,-1895.7361954234468,-1895.7361954234468,False
second_valid_timestamp,2025-06-23,2025-06-23 13:20:00+05:30,350.0,-1286.7317352108305,-1895.7361954234468,False
delay_15m,2025-06-23,2025-06-23 13:20:00+05:30,350.0,-1286.7317352108305,-1895.7361954234468,False
delay_30m,2025-06-23,2025-06-23 13:20:00+05:30,350.0,-1286.7317352108305,-1895.7361954234468,False
delay_60m,2025-06-23,2025-06-23 13:20:00+05:30,350.0,-1286.7317352108305,-1895.7361954234468,False
delay_120m,2025-06-23,2025-06-23 13:20:00+05:30,350.0,-1286.7317352108305,-1895.7361954234468,False
best_later_frozen_selector,2025-06-23,2025-06-26 15:15:00+05:30,-400.0,478.8092969427804,-1895.7361954234468,True
best_later_any_candidate,2025-06-23,2025-06-26 15:15:00+05:30,350.0,512.4358782034147,-1895.7361954234468,True
same_timestamp_any_candidate,2025-06-23,2025-06-23 10:51:00+05:30,-200.0,-1877.8546543050209,-1895.7361954234468,False
first_positive,2026-04-13,2026-04-13 13:52:00+05:30,-400.0,-703.7443392082591,-703.7443392082591,False
second_valid_timestamp,2026-04-13,2026-04-13 14:30:00+05:30,350.0,-335.5847195357404,-703.7443392082591,False
delay_15m,2026-04-13,2026-04-13 14:30:00+05:30,350.0,-335.5847195357404,-703.7443392082591,False
delay_30m,2026-04-13,2026-04-13 14:30:00+05:30,350.0,-335.5847195357404,-703.7443392082591,False
delay_60m,2026-04-13,2026-04-13 14:52:00+05:30,-50.0,-271.41641086761257,-703.7443392082591,False
best_later_frozen_selector,2026-04-13,2026-04-13 15:26:00+05:30,-350.0,-217.30873795792715,-703.7443392082591,False
best_later_any_candidate,2026-04-13,2026-04-13 15:25:00+05:30,-250.0,504.6846554055123,-703.7443392082591,True
same_timestamp_any_candidate,2026-04-13,2026-04-13 13:52:00+05:30,-400.0,-703.7443392082591,-703.7443392082591,False
first_positive,2026-05-18,2026-05-18 10:33:00+05:30,-250.0,-1648.8476422338535,-1648.8476422338535,False
second_valid_timestamp,2026-05-18,2026-05-19 09:20:00+05:30,400.0,-786.3239758651789,-1648.8476422338535,False
delay_15m,2026-05-18,2026-05-19 09:20:00+05:30,400.0,-786.3239758651789,-1648.8476422338535,False
delay_30m,2026-05-18,2026-05-19 09:20:00+05:30,400.0,-786.3239758651789,-1648.8476422338535,False
delay_60m,2026-05-18,2026-05-19 09:20:00+05:30,400.0,-786.3239758651789,-1648.8476422338535,False
delay_120m,2026-05-18,2026-05-19 09:20:00+05:30,400.0,-786.3239758651789,-1648.8476422338535,False
best_later_frozen_selector,2026-05-18,2026-05-19 15:16:00+05:30,-400.0,765.143633518453,-1648.8476422338535,True
best_later_any_candidate,2026-05-18,2026-05-19 15:16:00+05:30,50.0,850.4840103307416,-1648.8476422338535,True
same_timestamp_any_candidate,2026-05-18,2026-05-18 10:33:00+05:30,-250.0,-1648.8476422338535,-1648.8476422338535,False
