entry_date,entry_timestamp,near_expiry,baseline_shift,baseline_net_pnl_inr,valid_timestamp_count,first_positive_entry_timestamp,first_positive_shift,first_positive_net_pnl_inr,first_positive_rescues_loss,second_valid_timestamp_entry_timestamp,second_valid_timestamp_shift,second_valid_timestamp_net_pnl_inr,second_valid_timestamp_rescues_loss,delay_15m_entry_timestamp,delay_15m_shift,delay_15m_net_pnl_inr,delay_15m_rescues_loss,delay_30m_entry_timestamp,delay_30m_shift,delay_30m_net_pnl_inr,delay_30m_rescues_loss,delay_60m_entry_timestamp,delay_60m_shift,delay_60m_net_pnl_inr,delay_60m_rescues_loss,delay_120m_entry_timestamp,delay_120m_shift,delay_120m_net_pnl_inr,delay_120m_rescues_loss,best_later_frozen_selector_entry_timestamp,best_later_frozen_selector_shift,best_later_frozen_selector_net_pnl_inr,best_later_frozen_selector_rescues_loss,best_later_any_candidate_entry_timestamp,best_later_any_candidate_shift,best_later_any_candidate_net_pnl_inr,best_later_any_candidate_rescues_loss,same_timestamp_any_candidate_entry_timestamp,same_timestamp_any_candidate_shift,same_timestamp_any_candidate_net_pnl_inr,same_timestamp_any_candidate_rescues_loss
2021-07-20,2021-07-20 10:45:00+05:30,2021-07-22,-250,-321.48243831014656,2,2021-07-20 10:45:00+05:30,-250,-321.48243831014656,False,2021-07-22 15:05:00+05:30,350.0,-283.3116851323243,False,2021-07-22 15:05:00+05:30,350.0,-283.3116851323243,False,2021-07-22 15:05:00+05:30,350.0,-283.3116851323243,False,2021-07-22 15:05:00+05:30,350.0,-283.3116851323243,False,2021-07-22 15:05:00+05:30,350.0,-283.3116851323243,False,2021-07-22 15:05:00+05:30,350.0,-283.3116851323243,False,2021-07-22 15:05:00+05:30,350.0,-283.3116851323243,False,2021-07-20 10:45:00+05:30,-200,-306.8486197404947,False
2021-08-03,2021-08-03 14:44:00+05:30,2021-08-05,250,-928.3247923830032,3,2021-08-03 14:44:00+05:30,250,-928.3247923830032,False,2021-08-04 11:46:00+05:30,-400.0,-833.6179129462139,False,2021-08-04 11:46:00+05:30,-400.0,-833.6179129462139,False,2021-08-04 11:46:00+05:30,-400.0,-833.6179129462139,False,2021-08-04 11:46:00+05:30,-400.0,-833.6179129462139,False,2021-08-04 11:46:00+05:30,-400.0,-833.6179129462139,False,2021-08-05 09:30:00+05:30,350.0,-502.5079764507685,False,2021-08-05 09:30:00+05:30,350.0,-502.5079764507685,False,2021-08-03 14:44:00+05:30,250,-928.3247923830032,False
2021-08-16,2021-08-16 11:09:00+05:30,2021-08-18,400,-296.2338322411464,2,2021-08-16 11:09:00+05:30,400,-296.2338322411464,False,2021-08-18 13:35:00+05:30,350.0,233.1817229351297,True,2021-08-18 13:35:00+05:30,350.0,233.1817229351297,True,2021-08-18 13:35:00+05:30,350.0,233.1817229351297,True,2021-08-18 13:35:00+05:30,350.0,233.1817229351297,True,2021-08-18 13:35:00+05:30,350.0,233.1817229351297,True,2021-08-18 13:35:00+05:30,350.0,233.1817229351297,True,2021-08-18 13:35:00+05:30,350.0,233.1817229351297,True,2021-08-16 11:09:00+05:30,400,-296.2338322411464,False
2021-09-30,2021-09-30 15:25:00+05:30,2021-09-30,-350,-435.8877067411702,1,2021-09-30 15:25:00+05:30,-350,-435.8877067411702,False,,,,False,,,,False,,,,False,,,,False,,,,False,,,,False,,,,False,2021-09-30 15:25:00+05:30,250,186.31767491935284,True
2021-12-22,2021-12-22 09:25:00+05:30,2021-12-23,-250,-1100.3806939274118,2,2021-12-22 09:25:00+05:30,-250,-1100.3806939274118,False,2021-12-23 15:27:00+05:30,-400.0,-178.10535216081325,False,2021-12-23 15:27:00+05:30,-400.0,-178.10535216081325,False,2021-12-23 15:27:00+05:30,-400.0,-178.10535216081325,False,2021-12-23 15:27:00+05:30,-400.0,-178.10535216081325,False,2021-12-23 15:27:00+05:30,-400.0,-178.10535216081325,False,2021-12-23 15:27:00+05:30,-400.0,-178.10535216081325,False,2021-12-23 15:27:00+05:30,200.0,-87.4857696368768,False,2021-12-22 09:25:00+05:30,250,-1003.887900457948,False
2022-02-01,2022-02-01 13:04:00+05:30,2022-02-03,400,-2940.625197178383,18,2022-02-01 13:04:00+05:30,400,-2940.625197178383,False,2022-02-01 13:15:00+05:30,-400.0,-1401.2655181467971,False,2022-02-01 13:21:00+05:30,350.0,-1997.262554732684,False,2022-02-03 10:10:00+05:30,-300.0,-3176.4121607207944,False,2022-02-03 10:10:00+05:30,-300.0,-3176.4121607207944,False,2022-02-03 10:10:00+05:30,-300.0,-3176.4121607207944,False,2022-02-01 13:16:00+05:30,-400.0,-1379.1931885603035,False,2022-02-03 15:21:00+05:30,200.0,-496.1627433299101,False,2022-02-01 13:04:00+05:30,-400,-1778.4936042622317,False
2022-02-09,2022-02-09 15:08:00+05:30,2022-02-10,-400,-195.08213767864544,6,2022-02-09 15:08:00+05:30,-400,-195.08213767864544,False,2022-02-10 09:21:00+05:30,350.0,-317.6342714677258,False,2022-02-10 09:21:00+05:30,350.0,-317.6342714677258,False,2022-02-10 09:21:00+05:30,350.0,-317.6342714677258,False,2022-02-10 09:21:00+05:30,350.0,-317.6342714677258,False,2022-02-10 09:21:00+05:30,350.0,-317.6342714677258,False,2022-02-10 09:23:00+05:30,-350.0,131.24070934807455,True,2022-02-10 15:27:00+05:30,100.0,146.27194899707402,True,2022-02-09 15:08:00+05:30,-300,-184.706997596626,False
2022-02-14,2022-02-14 09:21:00+05:30,2022-02-17,-250,-102.72763109769548,65,2022-02-14 09:21:00+05:30,-250,-102.72763109769548,False,2022-02-14 09:23:00+05:30,-350.0,-316.47599422735254,False,2022-02-14 09:49:00+05:30,-350.0,-98.09482601950988,False,2022-02-14 10:10:00+05:30,-400.0,-2249.138689586837,False,2022-02-14 10:49:00+05:30,50.0,-1781.4811474229366,False,2022-02-14 14:47:00+05:30,-250.0,-292.57579861341765,False,2022-02-14 09:49:00+05:30,-350.0,-98.09482601950988,False,2022-02-14 14:47:00+05:30,-350.0,387.1437137948533,True,2022-02-14 09:21:00+05:30,-350,-31.23578836563172,False
2022-02-24,2022-02-24 11:17:00+05:30,2022-02-24,-350,-2495.3978928298548,6,2022-02-24 11:17:00+05:30,-350,-2495.3978928298548,False,2022-02-24 12:36:00+05:30,-300.0,-1541.5656303251706,False,2022-02-24 12:36:00+05:30,-300.0,-1541.5656303251706,False,2022-02-24 12:36:00+05:30,-300.0,-1541.5656303251706,False,2022-02-24 12:36:00+05:30,-300.0,-1541.5656303251706,False,2022-02-24 13:47:00+05:30,-400.0,-1359.5406058691804,False,2022-02-24 13:15:00+05:30,-400.0,-853.647572391889,False,2022-02-24 12:37:00+05:30,100.0,-597.2627089248953,False,2022-02-24 11:17:00+05:30,50,-1405.206552956454,False
2022-03-10,2022-03-10 09:44:00+05:30,2022-03-10,-400,-2659.54753425608,16,2022-03-10 09:44:00+05:30,-400,-2659.54753425608,False,2022-03-10 10:15:00+05:30,-200.0,-2001.326666116358,False,2022-03-10 10:15:00+05:30,-200.0,-2001.326666116358,False,2022-03-10 10:15:00+05:30,-200.0,-2001.326666116358,False,2022-03-10 10:45:00+05:30,-350.0,-2595.1195183183204,False,2022-03-10 12:15:00+05:30,-150.0,-2624.0136903732564,False,2022-03-10 15:26:00+05:30,-150.0,-856.1670817413204,False,2022-03-10 15:26:00+05:30,400.0,-701.3972464188953,False,2022-03-10 09:44:00+05:30,-150,-1931.1419040304063,False
2022-03-22,2022-03-22 12:42:00+05:30,2022-03-24,400,-661.0254982316355,2,2022-03-22 12:42:00+05:30,400,-661.0254982316355,False,2022-03-24 15:25:00+05:30,-400.0,-1057.2931136949942,False,2022-03-24 15:25:00+05:30,-400.0,-1057.2931136949942,False,2022-03-24 15:25:00+05:30,-400.0,-1057.2931136949942,False,2022-03-24 15:25:00+05:30,-400.0,-1057.2931136949942,False,2022-03-24 15:25:00+05:30,-400.0,-1057.2931136949942,False,2022-03-24 15:25:00+05:30,-400.0,-1057.2931136949942,False,2022-03-24 15:25:00+05:30,0.0,-614.1571392284352,False,2022-03-22 12:42:00+05:30,400,-661.0254982316355,False
2022-04-28,2022-04-28 15:13:00+05:30,2022-04-28,-150,-69.77882701980133,6,2022-04-28 15:13:00+05:30,-150,-69.77882701980133,False,2022-04-28 15:15:00+05:30,200.0,637.7503103443244,True,,,,False,,,,False,,,,False,,,,False,2022-04-28 15:15:00+05:30,200.0,637.7503103443244,True,2022-04-28 15:15:00+05:30,200.0,637.7503103443244,True,2022-04-28 15:13:00+05:30,200,-5.513171120501255,False
2022-05-04,2022-05-04 13:03:00+05:30,2022-05-05,-250,-124.46967944532224,10,2022-05-04 13:03:00+05:30,-250,-124.46967944532224,False,2022-05-04 14:04:00+05:30,-300.0,-612.9678933698442,False,2022-05-04 14:04:00+05:30,-300.0,-612.9678933698442,False,2022-05-04 14:04:00+05:30,-300.0,-612.9678933698442,False,2022-05-04 14:04:00+05:30,-300.0,-612.9678933698442,False,2022-05-05 14:25:00+05:30,-350.0,-125.73048041341109,False,2022-05-05 15:01:00+05:30,-350.0,40.2552835285401,True,2022-05-05 15:01:00+05:30,-350.0,40.2552835285401,True,2022-05-04 13:03:00+05:30,-250,-124.46967944532224,False
2022-05-16,2022-05-16 15:25:00+05:30,2022-05-19,400,-1726.8628053807445,28,2022-05-16 15:25:00+05:30,400,-1726.8628053807445,False,2022-05-17 11:25:00+05:30,250.0,-1201.6113857875962,False,2022-05-17 11:25:00+05:30,250.0,-1201.6113857875962,False,2022-05-17 11:25:00+05:30,250.0,-1201.6113857875962,False,2022-05-17 11:25:00+05:30,250.0,-1201.6113857875962,False,2022-05-17 11:25:00+05:30,250.0,-1201.6113857875962,False,2022-05-19 15:13:00+05:30,-150.0,652.9413729078473,True,2022-05-19 15:13:00+05:30,-250.0,985.7317339788696,True,2022-05-16 15:25:00+05:30,-300,-1481.3857768920443,False
2022-05-31,2022-05-31 15:10:00+05:30,2022-06-02,-400,-2.5446562165710134,17,2022-05-31 15:10:00+05:30,-400,-2.5446562165710134,False,2022-05-31 15:21:00+05:30,400.0,212.6584676200079,True,2022-06-01 13:25:00+05:30,-300.0,462.1258031043385,True,2022-06-01 13:25:00+05:30,-300.0,462.1258031043385,True,2022-06-01 13:25:00+05:30,-300.0,462.1258031043385,True,2022-06-01 13:25:00+05:30,-300.0,462.1258031043385,True,2022-06-02 13:45:00+05:30,-350.0,1254.2023521902672,True,2022-06-02 13:44:00+05:30,350.0,1306.4738764386675,True,2022-05-31 15:10:00+05:30,-50,191.6924160021385,True
2022-06-28,2022-06-28 15:29:00+05:30,2022-06-30,-350,-3530.0191555323195,10,2022-06-28 15:29:00+05:30,-350,-3530.0191555323195,False,2022-06-29 15:29:00+05:30,350.0,-2769.9576890405974,False,2022-06-29 15:29:00+05:30,350.0,-2769.9576890405974,False,2022-06-29 15:29:00+05:30,350.0,-2769.9576890405974,False,2022-06-29 15:29:00+05:30,350.0,-2769.9576890405974,False,2022-06-29 15:29:00+05:30,350.0,-2769.9576890405974,False,2022-06-30 15:04:00+05:30,-400.0,-1822.3465533138344,False,2022-06-30 15:04:00+05:30,250.0,-1444.3449271301497,False,2022-06-28 15:29:00+05:30,300,-3422.206028985257,False
2022-07-12,2022-07-12 13:36:00+05:30,2022-07-14,-200,-255.4330192412542,11,2022-07-12 13:36:00+05:30,-200,-255.4330192412542,False,2022-07-13 13:05:00+05:30,-350.0,-382.5856270774127,False,2022-07-13 13:05:00+05:30,-350.0,-382.5856270774127,False,2022-07-13 13:05:00+05:30,-350.0,-382.5856270774127,False,2022-07-13 13:05:00+05:30,-350.0,-382.5856270774127,False,2022-07-13 13:05:00+05:30,-350.0,-382.5856270774127,False,2022-07-14 15:14:00+05:30,-400.0,774.6316496095336,True,2022-07-14 15:14:00+05:30,-400.0,774.6316496095336,True,2022-07-12 13:36:00+05:30,-200,-255.4330192412542,False
2022-07-25,2022-07-25 14:35:00+05:30,2022-07-28,-350,-245.34982779052436,7,2022-07-25 14:35:00+05:30,-350,-245.34982779052436,False,2022-07-26 14:41:00+05:30,350.0,300.12717273005995,True,2022-07-26 14:41:00+05:30,350.0,300.12717273005995,True,2022-07-26 14:41:00+05:30,350.0,300.12717273005995,True,2022-07-26 14:41:00+05:30,350.0,300.12717273005995,True,2022-07-26 14:41:00+05:30,350.0,300.12717273005995,True,2022-07-26 14:41:00+05:30,350.0,300.12717273005995,True,2022-07-26 14:41:00+05:30,350.0,300.12717273005995,True,2022-07-25 14:35:00+05:30,350,191.93078529906504,True
2022-08-01,2022-08-01 09:23:00+05:30,2022-08-04,400,-807.738034855973,62,2022-08-01 09:23:00+05:30,400,-807.738034855973,False,2022-08-02 15:29:00+05:30,-50.0,-1431.9220409073332,False,2022-08-02 15:29:00+05:30,-50.0,-1431.9220409073332,False,2022-08-02 15:29:00+05:30,-50.0,-1431.9220409073332,False,2022-08-02 15:29:00+05:30,-50.0,-1431.9220409073332,False,2022-08-02 15:29:00+05:30,-50.0,-1431.9220409073332,False,2022-08-04 15:25:00+05:30,-200.0,87.59530876585288,True,2022-08-04 15:25:00+05:30,-200.0,87.59530876585288,True,2022-08-01 09:23:00+05:30,400,-807.738034855973,False
2022-08-25,2022-08-25 14:56:00+05:30,2022-08-25,-250,-348.17094416967046,11,2022-08-25 14:56:00+05:30,-250,-348.17094416967046,False,2022-08-25 14:57:00+05:30,-350.0,-274.2583724853206,False,2022-08-25 15:13:00+05:30,-100.0,936.0015005563644,True,2022-08-25 15:28:00+05:30,-400.0,15.954973412945977,True,,,,False,,,,False,2022-08-25 15:13:00+05:30,-100.0,936.0015005563644,True,2022-08-25 15:13:00+05:30,300.0,1061.9628056070926,True,2022-08-25 14:56:00+05:30,-400,263.6936967997756,True
2022-09-12,2022-09-12 09:37:00+05:30,2022-09-15,-400,-345.09050040750344,26,2022-09-12 09:37:00+05:30,-400,-345.09050040750344,False,2022-09-14 09:20:00+05:30,400.0,80.0223322277717,True,2022-09-14 09:20:00+05:30,400.0,80.0223322277717,True,2022-09-14 09:20:00+05:30,400.0,80.0223322277717,True,2022-09-14 09:20:00+05:30,400.0,80.0223322277717,True,2022-09-14 09:20:00+05:30,400.0,80.0223322277717,True,2022-09-15 11:17:00+05:30,-400.0,352.4030038392797,True,2022-09-15 09:56:00+05:30,-50.0,379.5076807029037,True,2022-09-12 09:37:00+05:30,300,-101.31757946087856,False
2022-10-04,2022-10-04 09:21:00+05:30,2022-10-06,-300,-1200.8607515353604,29,2022-10-04 09:21:00+05:30,-300,-1200.8607515353604,False,2022-10-04 09:23:00+05:30,-350.0,-817.7312402911452,False,2022-10-04 09:52:00+05:30,250.0,-1216.912894235889,False,2022-10-04 09:52:00+05:30,250.0,-1216.912894235889,False,2022-10-06 09:24:00+05:30,350.0,-1035.7761312777734,False,2022-10-06 09:24:00+05:30,350.0,-1035.7761312777734,False,2022-10-06 14:42:00+05:30,400.0,151.16008825609228,True,2022-10-06 14:42:00+05:30,400.0,151.16008825609228,True,2022-10-04 09:21:00+05:30,-300,-1200.8607515353604,False
2022-10-17,2022-10-17 15:23:00+05:30,2022-10-20,-250,-1594.9801415910947,53,2022-10-17 15:23:00+05:30,-250,-1594.9801415910947,False,2022-10-17 15:27:00+05:30,-250.0,-1623.6259181584282,False,2022-10-18 09:39:00+05:30,-400.0,-2000.123319405468,False,2022-10-18 09:39:00+05:30,-400.0,-2000.123319405468,False,2022-10-18 09:39:00+05:30,-400.0,-2000.123319405468,False,2022-10-18 09:39:00+05:30,-400.0,-2000.123319405468,False,2022-10-20 14:01:00+05:30,-350.0,371.703193738378,True,2022-10-20 14:01:00+05:30,350.0,401.8889420436384,True,2022-10-17 15:23:00+05:30,-200,-796.0164800268728,False
2022-12-15,2022-12-15 15:22:00+05:30,2022-12-15,400,-588.0234138381581,6,2022-12-15 15:22:00+05:30,400,-588.0234138381581,False,2022-12-15 15:23:00+05:30,-300.0,-198.16801900569385,False,,,,False,,,,False,,,,False,,,,False,2022-12-15 15:26:00+05:30,400.0,-23.811250762632284,False,2022-12-15 15:26:00+05:30,-250.0,446.53933385993207,True,2022-12-15 15:22:00+05:30,150,-239.09246562526008,False
2023-01-19,2023-01-19 15:17:00+05:30,2023-01-19,-350,-770.8072704276866,3,2023-01-19 15:17:00+05:30,-350,-770.8072704276866,False,2023-01-19 15:27:00+05:30,-300.0,-225.4682309707765,False,,,,False,,,,False,,,,False,,,,False,2023-01-19 15:27:00+05:30,-300.0,-225.4682309707765,False,2023-01-19 15:29:00+05:30,150.0,13.25517381617476,True,2023-01-19 15:17:00+05:30,-100,-418.27244898622433,False
2023-01-25,2023-01-25 15:29:00+05:30,2023-01-25,-350,-345.87067003009554,1,2023-01-25 15:29:00+05:30,-350,-345.87067003009554,False,,,,False,,,,False,,,,False,,,,False,,,,False,,,,False,,,,False,2023-01-25 15:29:00+05:30,300,344.7804052737684,True
2023-03-23,2023-03-23 15:08:00+05:30,2023-03-23,50,-277.5789256672838,2,2023-03-23 15:08:00+05:30,50,-277.5789256672838,False,2023-03-23 15:29:00+05:30,-150.0,-274.4631670780352,False,2023-03-23 15:29:00+05:30,-150.0,-274.4631670780352,False,,,,False,,,,False,,,,False,2023-03-23 15:29:00+05:30,-150.0,-274.4631670780352,False,2023-03-23 15:29:00+05:30,-50.0,-198.03523698420733,False,2023-03-23 15:08:00+05:30,-50,-164.68417975665875,False
2023-07-06,2023-07-06 14:18:00+05:30,2023-07-06,350,-612.6974846260337,8,2023-07-06 14:18:00+05:30,350,-612.6974846260337,False,2023-07-06 14:20:00+05:30,-400.0,-919.546337536326,False,2023-07-06 15:00:00+05:30,-350.0,-541.9616860938597,False,2023-07-06 15:00:00+05:30,-350.0,-541.9616860938597,False,2023-07-06 15:20:00+05:30,-400.0,-245.83411321666065,False,,,,False,2023-07-06 15:14:00+05:30,-400.0,7.514579555019139,True,2023-07-06 15:14:00+05:30,-300.0,71.64362742150178,True,2023-07-06 14:18:00+05:30,350,-612.6974846260337,False
2023-07-18,2023-07-18 09:20:00+05:30,2023-07-20,350,-676.418033132582,7,2023-07-18 09:20:00+05:30,350,-676.418033132582,False,2023-07-18 11:46:00+05:30,350.0,-632.9476436610951,False,2023-07-18 11:46:00+05:30,350.0,-632.9476436610951,False,2023-07-18 11:46:00+05:30,350.0,-632.9476436610951,False,2023-07-18 11:46:00+05:30,350.0,-632.9476436610951,False,2023-07-18 11:46:00+05:30,350.0,-632.9476436610951,False,2023-07-20 14:34:00+05:30,300.0,473.3935598057585,True,2023-07-20 14:34:00+05:30,300.0,473.3935598057585,True,2023-07-18 09:20:00+05:30,350,-676.418033132582,False
2023-08-17,2023-08-17 09:41:00+05:30,2023-08-17,-250,-8.13599399617155,3,2023-08-17 09:41:00+05:30,-250,-8.13599399617155,False,2023-08-17 09:58:00+05:30,-350.0,125.88617847891626,True,2023-08-17 09:58:00+05:30,-350.0,125.88617847891626,True,,,,False,,,,False,,,,False,2023-08-17 10:00:00+05:30,250.0,171.57826717040535,True,2023-08-17 10:00:00+05:30,250.0,171.57826717040535,True,2023-08-17 09:41:00+05:30,350,69.11876815301537,True
2023-09-07,2023-09-07 13:25:00+05:30,2023-09-07,300,-187.6974330927248,9,2023-09-07 13:25:00+05:30,300,-187.6974330927248,False,2023-09-07 14:00:00+05:30,300.0,405.691619267001,True,2023-09-07 14:00:00+05:30,300.0,405.691619267001,True,2023-09-07 14:00:00+05:30,300.0,405.691619267001,True,2023-09-07 14:46:00+05:30,400.0,597.8218010157535,True,2023-09-07 15:27:00+05:30,-350.0,-323.6681564701582,False,2023-09-07 14:46:00+05:30,400.0,597.8218010157535,True,2023-09-07 14:46:00+05:30,400.0,597.8218010157535,True,2023-09-07 13:25:00+05:30,300,-187.6974330927248,False
2023-10-04,2023-10-04 14:46:00+05:30,2023-10-05,-350,-27.27416989788384,9,2023-10-04 14:46:00+05:30,-350,-27.27416989788384,False,2023-10-04 15:29:00+05:30,-300.0,-302.96384604279785,False,2023-10-04 15:29:00+05:30,-300.0,-302.96384604279785,False,2023-10-04 15:29:00+05:30,-300.0,-302.96384604279785,False,2023-10-05 09:32:00+05:30,-250.0,-170.87442641115626,False,2023-10-05 09:32:00+05:30,-250.0,-170.87442641115626,False,2023-10-05 10:10:00+05:30,-350.0,142.54842377066382,True,2023-10-05 10:10:00+05:30,100.0,202.8461702568416,True,2023-10-04 14:46:00+05:30,-350,-27.27416989788384,False
2023-10-16,2023-10-16 09:29:00+05:30,2023-10-19,400,-255.6478921694312,64,2023-10-16 09:29:00+05:30,400,-255.6478921694312,False,2023-10-16 11:46:00+05:30,-350.0,-380.4336277472347,False,2023-10-16 11:46:00+05:30,-350.0,-380.4336277472347,False,2023-10-16 11:46:00+05:30,-350.0,-380.4336277472347,False,2023-10-16 11:46:00+05:30,-350.0,-380.4336277472347,False,2023-10-16 11:46:00+05:30,-350.0,-380.4336277472347,False,2023-10-19 11:28:00+05:30,-350.0,1422.7039760545408,True,2023-10-19 11:27:00+05:30,250.0,1487.130938385605,True,2023-10-16 09:29:00+05:30,400,-255.6478921694312,False
2024-02-01,2024-02-01 15:04:00+05:30,2024-02-01,-300,-580.746342793347,11,2024-02-01 15:04:00+05:30,-300,-580.746342793347,False,2024-02-01 15:06:00+05:30,300.0,-632.8851560825891,False,2024-02-01 15:25:00+05:30,-400.0,-659.645720751532,False,,,,False,,,,False,,,,False,2024-02-01 15:15:00+05:30,-350.0,-181.1645273328612,False,2024-02-01 15:14:00+05:30,100.0,121.1194509358418,True,2024-02-01 15:04:00+05:30,100,-297.61322260485827,False
2024-03-07,2024-03-07 15:13:00+05:30,2024-03-07,-350,-1044.0927186816623,10,2024-03-07 15:13:00+05:30,-350,-1044.0927186816623,False,2024-03-07 15:16:00+05:30,-400.0,-1064.7023264889508,False,2024-03-07 15:29:00+05:30,-50.0,-187.77730719062416,False,,,,False,,,,False,,,,False,2024-03-07 15:29:00+05:30,-50.0,-187.77730719062416,False,2024-03-07 15:29:00+05:30,100.0,-98.30980675898483,False,2024-03-07 15:13:00+05:30,100,-975.8245318137874,False
2024-06-26,2024-06-26 15:29:00+05:30,2024-06-27,200,-53.04962913713069,59,2024-06-26 15:29:00+05:30,200,-53.04962913713069,False,2024-06-27 12:12:00+05:30,-400.0,-236.02454870371028,False,2024-06-27 12:12:00+05:30,-400.0,-236.02454870371028,False,2024-06-27 12:12:00+05:30,-400.0,-236.02454870371028,False,2024-06-27 12:12:00+05:30,-400.0,-236.02454870371028,False,2024-06-27 12:12:00+05:30,-400.0,-236.02454870371028,False,2024-06-27 14:56:00+05:30,350.0,432.7216463372565,True,2024-06-27 14:48:00+05:30,0.0,450.93716084159365,True,2024-06-26 15:29:00+05:30,200,-53.04962913713069,False
2024-07-29,2024-07-29 09:33:00+05:30,2024-08-01,-350,-623.2175444942279,75,2024-07-29 09:33:00+05:30,-350,-623.2175444942279,False,2024-07-29 12:20:00+05:30,-400.0,-347.0136199847906,False,2024-07-29 12:20:00+05:30,-400.0,-347.0136199847906,False,2024-07-29 12:20:00+05:30,-400.0,-347.0136199847906,False,2024-07-29 12:20:00+05:30,-400.0,-347.0136199847906,False,2024-07-29 12:20:00+05:30,-400.0,-347.0136199847906,False,2024-08-01 15:23:00+05:30,-400.0,-50.84696595255953,False,2024-08-01 15:19:00+05:30,-150.0,140.99741970715797,True,2024-07-29 09:33:00+05:30,350,-476.25159821621,False
2024-08-05,2024-08-05 10:56:00+05:30,2024-08-08,-400,-636.9105113080664,75,2024-08-05 10:56:00+05:30,-400,-636.9105113080664,False,2024-08-05 11:27:00+05:30,250.0,-533.8297043578364,False,2024-08-05 11:27:00+05:30,250.0,-533.8297043578364,False,2024-08-05 11:27:00+05:30,250.0,-533.8297043578364,False,2024-08-05 13:47:00+05:30,-350.0,-299.434497079803,False,2024-08-05 13:47:00+05:30,-350.0,-299.434497079803,False,2024-08-08 12:20:00+05:30,-400.0,186.72467277520283,True,2024-08-08 12:20:00+05:30,-400.0,186.72467277520283,True,2024-08-05 10:56:00+05:30,-350,-589.0545269696684,False
2024-09-09,2024-09-09 09:33:00+05:30,2024-09-12,-350,-2299.676413476311,57,2024-09-09 09:33:00+05:30,-350,-2299.676413476311,False,2024-09-12 14:05:00+05:30,150.0,-1974.558697281254,False,2024-09-12 14:05:00+05:30,150.0,-1974.558697281254,False,2024-09-12 14:05:00+05:30,150.0,-1974.558697281254,False,2024-09-12 14:05:00+05:30,150.0,-1974.558697281254,False,2024-09-12 14:05:00+05:30,150.0,-1974.558697281254,False,2024-09-12 15:21:00+05:30,-300.0,397.4224565168148,True,2024-09-12 15:23:00+05:30,100.0,484.85484812710143,True,2024-09-09 09:33:00+05:30,-200,-2153.5158218312163,False
2024-09-26,2024-09-26 13:26:00+05:30,2024-09-26,-250,-986.4934176515922,34,2024-09-26 13:26:00+05:30,-250,-986.4934176515922,False,2024-09-26 13:31:00+05:30,-50.0,-1058.868182201662,False,2024-09-26 14:40:00+05:30,350.0,-1103.2280191666605,False,2024-09-26 14:40:00+05:30,350.0,-1103.2280191666605,False,2024-09-26 14:40:00+05:30,350.0,-1103.2280191666605,False,2024-09-26 15:26:00+05:30,-400.0,-184.4917246030359,False,2024-09-26 15:25:00+05:30,-350.0,-160.94581218822435,False,2024-09-26 15:25:00+05:30,200.0,-29.850429958473995,False,2024-09-26 13:26:00+05:30,0,-932.9907487187492,False
2024-11-21,2024-11-21 14:58:00+05:30,2024-11-21,-250,-248.9799888779204,11,2024-11-21 14:58:00+05:30,-250,-248.9799888779204,False,2024-11-21 15:01:00+05:30,-400.0,-316.94352846475147,False,2024-11-21 15:13:00+05:30,-300.0,-229.04300577970844,False,2024-11-21 15:29:00+05:30,-250.0,-330.8208178255443,False,,,,False,,,,False,2024-11-21 15:04:00+05:30,-300.0,558.3596258219104,True,2024-11-21 15:04:00+05:30,-50.0,639.7025174037273,True,2024-11-21 14:58:00+05:30,-50,-4.728599371097545,False
2025-01-02,2025-01-02 09:54:00+05:30,2025-01-02,-350,-732.466825473587,43,2025-01-02 09:54:00+05:30,-350,-732.466825473587,False,2025-01-02 10:50:00+05:30,-350.0,-1143.88154796681,False,2025-01-02 10:50:00+05:30,-350.0,-1143.88154796681,False,2025-01-02 10:50:00+05:30,-350.0,-1143.88154796681,False,2025-01-02 10:54:00+05:30,-400.0,-902.4793954410416,False,2025-01-02 12:30:00+05:30,-250.0,-876.3109827787197,False,2025-01-02 15:26:00+05:30,-350.0,265.7717850587925,True,2025-01-02 15:26:00+05:30,100.0,460.5859242092312,True,2025-01-02 09:54:00+05:30,-350,-732.466825473587,False
2025-03-06,2025-03-06 14:32:00+05:30,2025-03-06,-350,-398.96386241180574,8,2025-03-06 14:32:00+05:30,-350,-398.96386241180574,False,2025-03-06 14:43:00+05:30,-400.0,-133.36919095353056,False,2025-03-06 14:49:00+05:30,-200.0,144.72764305141914,True,2025-03-06 15:26:00+05:30,-350.0,-365.0335381033428,False,,,,False,,,,False,2025-03-06 14:59:00+05:30,-350.0,190.0334214075789,True,2025-03-06 14:59:00+05:30,300.0,306.8097583424129,True,2025-03-06 14:32:00+05:30,350,-131.14775746799577,False
2025-03-20,2025-03-20 15:13:00+05:30,2025-03-20,-200,-396.247263411328,3,2025-03-20 15:13:00+05:30,-200,-396.247263411328,False,2025-03-20 15:26:00+05:30,-250.0,-682.0397880770735,False,2025-03-20 15:29:00+05:30,-350.0,-428.1220100649272,False,,,,False,,,,False,,,,False,2025-03-20 15:29:00+05:30,-350.0,-428.1220100649272,False,2025-03-20 15:29:00+05:30,-150.0,-91.29164710051036,False,2025-03-20 15:13:00+05:30,250,-386.1574206025056,False
2025-04-03,2025-04-03 15:15:00+05:30,2025-04-03,-350,-836.6252319751684,6,2025-04-03 15:15:00+05:30,-350,-836.6252319751684,False,2025-04-03 15:20:00+05:30,-100.0,311.7775039012116,True,,,,False,,,,False,,,,False,,,,False,2025-04-03 15:20:00+05:30,-100.0,311.7775039012116,True,2025-04-03 15:20:00+05:30,50.0,440.42842135295314,True,2025-04-03 15:15:00+05:30,50,-690.1341048870573,False
2025-04-17,2025-04-17 11:36:00+05:30,2025-04-17,400,-403.9770902828936,79,2025-04-17 11:36:00+05:30,400,-403.9770902828936,False,2025-04-17 11:41:00+05:30,-400.0,-886.153668146578,False,2025-04-17 11:51:00+05:30,250.0,-51.28441589521273,False,2025-04-17 12:06:00+05:30,-150.0,-815.6029533035894,False,2025-04-17 12:36:00+05:30,-250.0,99.88443873013992,True,2025-04-17 13:37:00+05:30,300.0,-498.2947747240264,False,2025-04-17 14:23:00+05:30,-250.0,1122.031544148382,True,2025-04-17 14:15:00+05:30,-150.0,1150.0119440330118,True,2025-04-17 11:36:00+05:30,400,-403.9770902828936,False
2025-04-30,2025-04-30 15:00:00+05:30,2025-04-30,250,-2073.7475635837422,8,2025-04-30 15:00:00+05:30,250,-2073.7475635837422,False,2025-04-30 15:20:00+05:30,-350.0,-3385.1949571404484,False,2025-04-30 15:20:00+05:30,-350.0,-3385.1949571404484,False,,,,False,,,,False,,,,False,2025-04-30 15:26:00+05:30,100.0,-107.82190125562192,False,2025-04-30 15:27:00+05:30,100.0,149.61453914483232,True,2025-04-30 15:00:00+05:30,250,-2073.7475635837422,False
2025-05-08,2025-05-08 13:23:00+05:30,2025-05-08,-400,-10052.106851599625,50,2025-05-08 13:23:00+05:30,-400,-10052.106851599625,False,2025-05-08 13:38:00+05:30,-250.0,-9072.107908394384,False,2025-05-08 13:38:00+05:30,-250.0,-9072.107908394384,False,2025-05-08 14:12:00+05:30,-300.0,-8472.37803111799,False,2025-05-08 14:25:00+05:30,400.0,-8111.494484647627,False,2025-05-08 15:23:00+05:30,-300.0,-3946.5260285625873,False,2025-05-08 15:28:00+05:30,-300.0,68.69415727575682,True,2025-05-08 15:28:00+05:30,200.0,757.5417502331475,True,2025-05-08 13:23:00+05:30,0,-9455.135840084886,False
2025-05-15,2025-05-15 13:00:00+05:30,2025-05-15,300,-2015.0257624972107,96,2025-05-15 13:00:00+05:30,300,-2015.0257624972107,False,2025-05-15 13:08:00+05:30,-400.0,-1627.1323908182212,False,2025-05-15 13:15:00+05:30,-100.0,-537.916350613218,False,2025-05-15 13:30:00+05:30,300.0,125.98054762479154,True,2025-05-15 14:00:00+05:30,-250.0,-1250.2743369902985,False,2025-05-15 15:00:00+05:30,-350.0,-1363.0359958597896,False,2025-05-15 13:48:00+05:30,300.0,1097.8726609845544,True,2025-05-15 13:48:00+05:30,300.0,1097.8726609845544,True,2025-05-15 13:00:00+05:30,300,-2015.0257624972107,False
2025-06-12,2025-06-12 15:25:00+05:30,2025-06-12,-250,-1238.367764362211,4,2025-06-12 15:25:00+05:30,-250,-1238.367764362211,False,2025-06-12 15:27:00+05:30,-200.0,-122.87302062852588,False,,,,False,,,,False,,,,False,,,,False,2025-06-12 15:27:00+05:30,-200.0,-122.87302062852588,False,2025-06-12 15:27:00+05:30,0.0,-50.47053386448368,False,2025-06-12 15:25:00+05:30,-150,-959.2954807265216,False
2025-06-19,2025-06-19 15:24:00+05:30,2025-06-19,-50,-910.9445752167736,3,2025-06-19 15:24:00+05:30,-50,-910.9445752167736,False,2025-06-19 15:25:00+05:30,-400.0,-898.0356907579626,False,,,,False,,,,False,,,,False,,,,False,2025-06-19 15:26:00+05:30,-100.0,-345.5548812726335,False,2025-06-19 15:26:00+05:30,0.0,-62.66882434848654,False,2025-06-19 15:24:00+05:30,-50,-910.9445752167736,False
2025-06-23,2025-06-23 10:51:00+05:30,2025-06-26,-250,-1895.7361954234468,122,2025-06-23 10:51:00+05:30,-250,-1895.7361954234468,False,2025-06-23 13:20:00+05:30,350.0,-1286.7317352108305,False,2025-06-23 13:20:00+05:30,350.0,-1286.7317352108305,False,2025-06-23 13:20:00+05:30,350.0,-1286.7317352108305,False,2025-06-23 13:20:00+05:30,350.0,-1286.7317352108305,False,2025-06-23 13:20:00+05:30,350.0,-1286.7317352108305,False,2025-06-26 15:15:00+05:30,-400.0,478.8092969427804,True,2025-06-26 15:15:00+05:30,350.0,512.4358782034147,True,2025-06-23 10:51:00+05:30,-200,-1877.8546543050209,False
2026-04-13,2026-04-13 13:52:00+05:30,2026-04-13,-400,-703.7443392082591,12,2026-04-13 13:52:00+05:30,-400,-703.7443392082591,False,2026-04-13 14:30:00+05:30,350.0,-335.5847195357404,False,2026-04-13 14:30:00+05:30,350.0,-335.5847195357404,False,2026-04-13 14:30:00+05:30,350.0,-335.5847195357404,False,2026-04-13 14:52:00+05:30,-50.0,-271.41641086761257,False,,,,False,2026-04-13 15:26:00+05:30,-350.0,-217.30873795792715,False,2026-04-13 15:25:00+05:30,-250.0,504.6846554055123,True,2026-04-13 13:52:00+05:30,-400,-703.7443392082591,False
2026-05-18,2026-05-18 10:33:00+05:30,2026-05-19,-250,-1648.8476422338535,92,2026-05-18 10:33:00+05:30,-250,-1648.8476422338535,False,2026-05-19 09:20:00+05:30,400.0,-786.3239758651789,False,2026-05-19 09:20:00+05:30,400.0,-786.3239758651789,False,2026-05-19 09:20:00+05:30,400.0,-786.3239758651789,False,2026-05-19 09:20:00+05:30,400.0,-786.3239758651789,False,2026-05-19 09:20:00+05:30,400.0,-786.3239758651789,False,2026-05-19 15:16:00+05:30,-400.0,765.143633518453,True,2026-05-19 15:16:00+05:30,50.0,850.4840103307416,True,2026-05-18 10:33:00+05:30,-250,-1648.8476422338535,False
