slippage_pct,brokerage_per_order_inr,trades,net_pnl_inr,realized_win_rate_pct,profit_factor,max_drawdown_inr
0.00,10,131,104571.86443864089,66.41221374045801,3.3829088069616122,13236.758388802511
0.00,20,131,95297.06443864087,64.12213740458014,3.023167496687444,13636.290893024949
0.00,40,131,76747.46443864088,58.778625954198475,2.4160454021559854,14769.090893024942
0.0025,10,131,81143.55950141653,62.59541984732825,2.5518537312282744,15137.836549774205
0.0025,20,131,71868.75950141653,58.778625954198475,2.2852496366352364,15704.236549774207
0.0025,40,131,53319.15950141652,54.961832061068705,1.8355410896992863,16837.03654977421
0.005,10,131,57715.254564191564,54.961832061068705,1.9325117362791082,17205.782206523543
0.005,20,131,48440.45456419157,53.43511450381679,1.7319452470056247,17772.182206523543
0.005,40,131,29890.854564191566,52.67175572519084,1.399386154011178,18904.982206523543
0.01,10,131,10858.644689741399,50.38167938931297,1.1287735767258111,22364.387817479
0.01,20,131,1583.8446897414033,48.854961832061065,1.0177905999012413,23213.987817479
0.01,40,131,-16965.7553102586,46.56488572519021,0.8280904515258929,35970.29195830085
