feature,direction,weeks,mean_difference_inr,ci_low_inr,ci_high_inr,alt_total_net_pnl_inr,alt_win_rate_pct
estimated_equal_max_profit_loss_inr,max,63,0.000000,0.000000,0.000000,-9627.903940,57.142857
next_iv_skew_call_minus_put,min,62,-20.768295,-32.986744,-10.586389,-25733.794990,54.838710
abs_net_delta,min,63,-76.834887,-108.512371,-49.509759,-14468.501828,57.142857
abs_net_theta_day,min,63,-77.226841,-112.885232,-46.484164,-14493.194898,55.555556
abs_moneyness_pct,max,63,-80.225115,-161.792620,-31.395788,-14682.086161,57.142857
iv_term_spread,min,63,-90.286659,-172.568902,-39.507402,-15315.963471,57.142857
abs_net_gamma,max,63,-105.056124,-193.083669,-46.559025,-16246.439769,55.555556
iv_term_spread,max,63,-109.838220,-196.580319,-54.650712,-16547.711814,55.555556
abs_net_delta,max,63,-120.937989,-208.734330,-59.973610,-17246.997261,55.555556
