feature,winner_mean,loser_mean,welch_p,mw_p,cliffs_delta,bh_q
next_iv_skew_call_minus_put,-0.010951,-0.005371,0.231674,0.043799,-0.301587,0.435388
iv_near_mean,0.266026,0.214719,0.034726,0.063715,0.275720,0.435388
net_gamma,0.000035,-0.000098,0.059070,0.063715,0.275720,0.435388
net_theta_day,-3.738521,0.054673,0.253148,0.051011,-0.290123,0.435388
net_vega,-0.257468,-0.465354,0.292608,0.108677,0.238683,0.509960
iv_term_spread,-0.076877,-0.043429,0.072503,0.131825,-0.224280,0.540482
near_iv_skew_call_minus_put,-0.015734,0.001785,0.153465,0.156436,-0.230114,0.583080
abs_net_delta,0.095212,0.194191,0.241139,0.294357,-0.156379,0.771425
moneyness_pct,-0.458744,-0.084135,0.401297,0.518387,-0.096708,0.771425
abs_net_gamma,0.000122,0.000162,0.513528,0.744130,0.049383,0.893384
