model,block,weeks,traded,baseline_pnl_inr,filter_pnl_inr,delta_inr
random_forest,first15,15,8,-104760.523884,36116.502241,140877.026125
random_forest,middle14,14,10,157021.282902,98795.209446,-58226.073455
random_forest,last14,14,5,-62895.512438,-43523.660394,19371.852044
random_forest,first21,21,12,-18842.022955,78782.213833,97624.236789
random_forest,last22,22,11,8207.269536,12605.837461,4398.567925
hist_gradient_boost,first15,15,7,-104760.523884,24769.495112,129530.018996
hist_gradient_boost,middle14,14,8,157021.282902,61717.817746,-95303.465156
hist_gradient_boost,last14,14,5,-62895.512438,-21505.639967,41389.872470
hist_gradient_boost,first21,21,10,-18842.022955,44775.889853,63617.912809
hist_gradient_boost,last22,22,10,8207.269536,20205.783037,11998.513501
ridge,first15,15,8,-104760.523884,-28357.366665,76403.157219
ridge,middle14,14,8,157021.282902,52327.990818,-104693.292083
ridge,last14,14,2,-62895.512438,-28993.251005,33902.261433
ridge,first21,21,12,-18842.022955,24944.703354,43786.726310
ridge,last22,22,6,8207.269536,-29967.330206,-38174.599742
