variable,n,spearman_rho,p_value,bh_q_value
vix_india_vix_prev,169,-0.17708856481356972,0.02126194128935888,0.46776270836589534
global_global_vix_close,159,-0.18120901544701393,0.02226080394146973,0.24486884335616704
nifty_nifty_prev_ret,169,-0.1523594053005818,0.047981420374579774,0.351863749413585
global_shanghai_ret,154,-0.13871707040587497,0.08621451752316872,0.47417984637742794
global_hangseng_close,152,-0.13819462954230138,0.0895323648962358,0.3939424055434375
global_usdinr_close,168,0.1288767322983617,0.09593026325305977,0.3517442985945525
global_sensex_close,160,0.13176198288995664,0.09674293075650257,0.3040492109490081
global_nikkei_close,157,0.12719627385434046,0.11240312978579886,0.3091086069109469
global_sensex_ret,160,-0.12246572131723897,0.12289155676532205,0.3004015832041206
global_hangseng_ret,152,-0.11438364122226094,0.16056174395877607,0.35323583670930736
global_nikkei_ret,157,-0.08239321752181544,0.3049483309625296,0.6098966619250592
global_shanghai_close,154,-0.058971389142167145,0.46754094605873947,0.857158401107689
nifty_same_day_open_gap,168,0.053305055147524066,0.49256039915219185,0.8335637524114017
global_global_vix_ret,159,0.05311977549558156,0.5060507357446433,0.7952225847415824
global_gold_close,159,0.05224814660303864,0.5130649366092638,0.7524952403602536
nifty_nifty_open_gap,169,-0.045281189398836456,0.5588257312241305,0.7683853804331794
global_usdinr_ret,168,-0.030681662878807057,0.6929877851749632,0.8968077219911288
global_gold_ret,159,-0.02639121089085264,0.7412395343524695,0.9059594308752406
global_nasdaq_close,159,-0.01757821829472176,0.825932680343268,0.9563431035553629
global_sp500_close,159,0.012234296632433722,0.8783532281656473,0.966188550982212
global_sp500_ret,159,0.012165631717219969,0.879030749916471,0.9208893570553505
global_nasdaq_ret,159,-0.002746596608550275,0.9725900280799407,0.9725900280799405
