variable,non_missing,coverage_pct
candidate_label,169,100.0
shift_points,169,100.0
strike,169,100.0
near_expiry,169,100.0
far_expiry,169,100.0
near_exit_timestamp,169,100.0
far_call_exit_timestamp,169,100.0
far_put_exit_timestamp,169,100.0
chart_pnl_inr,169,100.0
estimated_max_profit_inr,169,100.0
estimated_min_pnl_inr,169,100.0
estimated_equal_max_profit_loss_inr,169,100.0
estimated_all_green_flatline,169,100.0
estimated_flatline_is_constant,169,100.0
far_call_exit_executed_per_unit,169,100.0
far_put_exit_executed_per_unit,169,100.0
gross_pnl_inr,169,100.0
premium_turnover_inr,169,100.0
brokerage,169,100.0
exchange_transaction,169,100.0
sebi_fee,169,100.0
stamp_duty_entry,169,100.0
stamp_duty_exit,169,100.0
stamp_duty,169,100.0
stt_entry_sales,169,100.0
stt_exit_sales,169,100.0
stt_sale_transactions,169,100.0
stt_exercise,169,100.0
gst,169,100.0
exercised_intrinsic_inr,169,100.0
total_costs,169,100.0
nifty_close,169,100.0
nifty_open,169,100.0
nifty_high,169,100.0
nifty_low,169,100.0
nifty_volume,169,100.0
nifty_nifty_prev_close,169,100.0
nifty_nifty_open_gap,169,100.0
nifty_nifty_prev_ret,169,100.0
vix_india_vix_prev,169,100.0
global_sp500_close,160,94.67455621301775
global_sp500_ret,160,94.67455621301775
global_nasdaq_close,160,94.67455621301775
global_nasdaq_ret,160,94.67455621301775
global_nikkei_close,157,92.89940828402366
global_nikkei_ret,157,92.89940828402366
global_hangseng_close,153,90.53254437869822
global_hangseng_ret,153,90.53254437869822
global_shanghai_close,155,91.71597633136095
global_shanghai_ret,155,91.71597633136095
global_gold_close,160,94.67455621301775
global_gold_ret,160,94.67455621301775
global_usdinr_close,169,100.0
global_usdinr_ret,169,100.0
global_global_vix_close,160,94.67455621301775
global_global_vix_ret,160,94.67455621301775
fii_dii_fii_net,7,4.142011834319527
fii_dii_dii_net,1,0.591715976331361
nifty_same_day_open_gap,168,99.40828402366864
india_vix_regime,169,100.0
nifty_gap_regime,169,100.0
fii_regime,169,100.0
dii_regime,169,100.0
global_risk_regime,169,100.0
