variable,regime,trades,net_pnl_inr,mean_net_pnl_inr,win_rate_pct,win_rate_wilson_low_pct,win_rate_wilson_high_pct,profit_factor,max_drawdown_inr,iid_mean_ci_low,iid_mean_ci_high,block4_mean_ci_low,block4_mean_ci_high
india_vix_regime,Q1,43,53977.008177280826,1255.2792599367633,72.09302325581395,57.308971318121124,83.25338621376251,8.482122456013968,3477.1249361527316,755.5770300542483,1781.8027131055383,724.0034372167343,1784.6567240528248
india_vix_regime,Q2,42,31223.246258098945,743.4106251928321,59.523809523809526,44.49431275003934,72.95713885251867,3.0229034999477706,4296.04413477709,208.9640434064539,1319.7147014891034,319.6268199683981,1215.0292694978623
india_vix_regime,Q3,42,37563.258296495434,894.3632927737008,66.66666666666667,51.55250737683379,78.98753292764273,3.9308733371589106,4738.168162143353,363.0618861535139,1472.1194065640989,423.20067834646363,1395.8793210639456
india_vix_regime,Q4,42,2925.3121214662997,69.65028860634047,57.142857142857146,42.206239878104576,70.88234882381393,1.0999107621240474,10052.106851599625,-654.7462885430037,719.8017628857301,-504.0804843267726,665.7937579908712
nifty_gap_regime,flat,66,46353.76889925545,702.3298318069008,66.66666666666667,54.65634388771762,76.84357087849766,2.591856883511176,21683.02749523003,152.18664975585878,1211.6255621044943,-16.16534609708872,1311.735607198886
nifty_gap_regime,negative,46,31681.910244542818,688.7371792291917,60.869565217391305,46.45684323162075,73.60677496217099,2.7965675693491887,6100.088218167616,170.4170194923272,1243.8523328053395,182.3742908595445,1249.679063424645
nifty_gap_regime,positive,57,47653.14570954324,836.0201001674253,63.1578947368421,50.1777982224952,74.47644296558428,3.648772040014934,5006.8042739757975,373.499752950834,1297.321196152378,369.4709083182535,1308.6019064938876
nse_bse_relative_regime,NIFTY_outperform,70,28788.41947277458,411.2631353253512,61.42857142857143,49.71573558930424,71.95230869846111,1.771944972762064,15050.308039846328,-123.90698835844422,879.1003334372874,-174.707583149393,950.4728127694242
nse_bse_relative_regime,SENSEX_outperform,99,96900.40538056692,978.7919735410801,65.65656565656566,55.87561692443306,74.26786835425115,4.5299029692132455,5556.479770318842,624.6058504000974,1351.451922098766,645.1867022252212,1343.678984847475
global_risk_regime,mixed,24,21576.548436137688,899.022851505737,54.166666666666664,35.07486535891948,72.108666268789,3.9807657194483936,1838.0275235477784,255.31539932813564,1582.2300807547763,443.6476126783445,1403.3743915917178
global_risk_regime,risk_off,74,63139.78503917885,853.2403383672818,63.513513513513516,52.13181349836577,73.56143570713729,3.4999754045694655,5311.574465552771,438.3662981700255,1264.5235386816144,409.7589359844142,1336.6871465677036
global_risk_regime,risk_on,71,40972.49137802497,577.0773433524644,67.6056338028169,56.06115705582948,77.34278828935044,2.270468932124269,16801.451054078796,61.75163039414291,1056.641704461492,-82.09755614142364,1133.2065795650367
