shift_points,trades,net_pnl_inr,mean_net_pnl_inr,median_net_pnl_inr,win_rate_pct,profit_factor,max_drawdown_inr,total_costs_inr,largest_win_inr,largest_loss_inr
-400,35,21746.953651061514,621.3415328874718,1028.1796998180607,68.57142857142857,1.8040101401283957,14328.739628083262,8545.064473938413,5825.602914892865,-10052.106851599623
-350,28,6684.3630637487695,238.72725227674175,136.14054058470992,53.57142857142857,1.5672658475531054,4780.837994910509,6089.388811251266,3164.0071402176436,-2299.6764134763107
-300,18,17726.629533759493,984.8127518755275,648.6453882482612,61.111111111111114,5.482264896206957,2584.266667713762,3823.416716240853,5054.372897887201,-1379.5083579908353
-250,12,-2193.1706207339525,-182.76421839449605,-305.7488121571816,33.333333333333336,0.5975275967748424,4953.69866806432,2535.87812073365,2045.6098003174307,-1648.8476422338526
-200,5,7192.436475379588,1438.4872950759175,1440.5856545420838,80.0,11.288504181642963,699.0750402971632,1016.6510246205751,3392.912368774849,-699.0750402971632
-150,1,1000.8083703994678,1000.8083703994678,1000.8083703994678,100.0,inf,0.0,195.23537960046252,1000.8083703994678,1000.8083703994678
-100,7,7373.579887968482,1053.3685554240687,311.838704588812,71.42857142857143,4.947030847857913,1092.575525886968,1611.5107370315188,5192.520877326297,-1006.0426051996164
-50,4,-6187.280356584342,-1546.8200891460856,-991.0982855581782,0.0,0.0,6187.280356584342,819.8616065842625,-646.7584462939769,-3558.325339174009
0,1,-334.2401678916361,-334.2401678916361,-334.2401678916361,0.0,0.0,334.2401678916361,175.7964178916375,-334.2401678916361,-334.2401678916361
50,2,439.2928644514466,219.6464322257233,219.6464322257233,50.0,2.582587234947364,277.5789256672838,362.3008855484874,716.8717901187304,-277.5789256672838
150,3,6315.916061463628,2105.3053538212093,1549.2915707334755,100.0,inf,0.0,652.3339385366,3824.625055378276,941.999435351876
200,4,4699.51750756272,1174.87937689068,950.1007896724424,75.0,89.5871887136986,53.04962913713052,821.8987424370973,2852.3655573549663,-53.049629137130694
250,3,-815.9180554633494,-271.97268515444983,548.4815493346035,66.66666666666667,0.6065489986383288,2073.7475635837422,626.2211804632686,709.3479587857893,-2073.7475635837422
300,12,17347.279467643748,1445.6066223036455,1224.904192966775,83.33333333333333,18.514580470654074,802.75046811218,2555.628032356175,5254.080747778165,-802.7504681121802
350,15,26380.61741203811,1758.7078274692074,1443.8619598693108,86.66666666666667,21.282450841818516,676.4180331325824,3158.0382129617483,5811.657302280845,-676.418033132582
400,19,18312.039758537827,963.791566238833,748.1755184372972,63.1578947368421,7.720581736469353,1394.693984996623,4275.791491462411,4283.520116241356,-905.3909442743992
