source_id,provider,dataset_or_page,url,role,priority,point_in_time_note,license_note
NSE_INDEX,NSE India,Historical Index Data,https://www.nseindia.com/reports-indices-historical-index-data,NIFTY/Sensex-context proxy and official index verification,primary,Use completed observation before entry; no post-entry close,Official exchange page; follow NSE data terms
NSE_VIX,NSE India,Historical Data - India VIX,https://www.nseindia.com/all-reports,India VIX,primary,Prefer observation available by entry; otherwise previous close,Official exchange page; follow NSE data terms
NSE_FIIDII,NSE India,FII/FPI & DII trading activity,https://www.nseindia.com/reports/fii-dii,Institutional cash-flow context,primary,Use prior completed trading-day flow unless availability timestamp proves earlier,Provisional reports may be revised
BSE_SENSEX,BSE India,Sensex/index data,https://www.bseindia.com/sensex/code/45,NSE/BSE relative-market context,primary,Prior close / same-day open only,Official BSE market-data page; follow BSE data terms
RBI_USDINR,RBI / FBIL,USD/INR reference-rate documentation,https://www.rbi.org.in/Scripts/BS_PressReleaseDisplay.aspx?prid=36787,FX context,primary,Use last completed reference/session observation known before entry,Official RBI/benchmark documentation
CBOE_VIX,Cboe,VIX Historical Data,https://www.cboe.com/tradable_products/vix/vix_historical_data,Global volatility context,primary,Prior U.S. session close,Cboe historical-data terms apply
LBMA_GOLD,LBMA / IBA,LBMA Precious Metal Prices,https://www.lbma.org.uk/prices-and-data/lbma-precious-metal-prices,Gold context,primary,Use last benchmark known before entry,Historical tabulated data may require licence; use lawful fallback when unavailable
FRED_GLOBAL,Federal Reserve Bank of St. Louis,Daily macro/global series,https://fred.stlouisfed.org/,Fallback/cross-check for global equities, FX, commodities,secondary,Prior completed session,Series-specific terms
HF_OPTIONS,Hugging Face,thetrademarkk/india-index-options-1m,https://huggingface.co/datasets/thetrademarkk/india-index-options-1m,Primary cached NIFTY option ledger source,primary,Point-in-time option bars,CC-BY-NC-4.0 per repository manifest
GH_FIIDII,GitHub,Hareeshkesavan/Stock-Market-Dataset,https://github.com/Hareeshkesavan/Stock-Market-Dataset,Historical FII/DII/global-market fallback,fallback,Use only when official source cannot be reconstructed; label fallback,Third-party dataset; verify before reuse
GH_FIIDII_API,GitHub,chirag127/fii-dii-activity-api,https://github.com/chirag127/fii-dii-activity-api,Daily FII/DII machine-readable fallback,fallback,Date-specific data; inspect source field,Third-party mirror; source field must be retained
GH_NSEPY,GitHub,skamalj/nseindiapy,https://github.com/skamalj/nseindiapy,NSE historical-data ingestion helper,fallback_tool,Historical OHLC/India VIX retrieval; verify results against NSE,Open-source client; exchange data terms still apply
GH_GLOBAL,GitHub,Hareeshkesavan/Stock-Market-Dataset,https://github.com/Hareeshkesavan/Stock-Market-Dataset,Global equity/commodity cross-check,fallback,Prior-session values only,Third-party dataset; verify before reuse