entry_timestamp,entry_date,candidate_label,shift_points,strike,near_expiry,far_expiry,near_exit_timestamp,far_call_exit_timestamp,far_put_exit_timestamp,chart_pnl_inr,estimated_max_profit_inr,estimated_min_pnl_inr,estimated_equal_max_profit_loss_inr,estimated_all_green_flatline,estimated_flatline_is_constant,far_call_exit_executed_per_unit,far_put_exit_executed_per_unit,gross_pnl_inr,net_pnl_inr,premium_turnover_inr,brokerage,exchange_transaction,sebi_fee,stamp_duty_entry,stamp_duty_exit,stamp_duty,stt_entry_sales,stt_exit_sales,stt_sale_transactions,stt_exercise,gst,exercised_intrinsic_inr,total_costs,near_call,near_put,far_call,far_put,flatline_inr,near_lot_size,estimated_six_order_cost_inr,cost_to_flatline,estimated_gate_uses_future_exit_prices
2021-06-21 07:47:00+00:00,2021-06-21,ATM_PLUS_300,300,15950.0,2021-06-24,2021-07-01,2021-06-24 15:31:00+05:30,2021-06-24 15:30:00+05:30,2021-06-24 15:29:00+05:30,2171.249999999999,2171.249999999999,2171.249999999999,2171.249999999999,True,True,57.106875,192.17924999999997,3871.499999999949,3650.6564985961368,72919.78124999999,120.0,25.908398278125002,0.07291978125,0.7828146562499999,0.4324033124999999,1.2152179687499998,28.1295,4.283015625,32.412515625,14.957812499999932,26.276637250687497,11966.249999999945,220.84350140381238,11.75,293.05,54.0,364.25,2171.249999999999,75,211.38407564328753,0.09735593581728848,False
2021-07-12 03:52:00+00:00,2021-07-12,ATM_MINUS_400,-400,15400.0,2021-07-15,2021-07-22,2021-07-15 15:31:00+05:30,2021-07-15 15:28:00+05:30,2021-07-15 15:30:00+05:30,603.7499999999974,603.7499999999974,603.7499999999974,603.7499999999974,True,True,533.56275,6.91725,635.6343749999525,380.0431525922712,101145.74062499999,120.0,35.9370816440625,0.10114574062499998,0.9023627812499998,0.015563812500000001,0.9179265937499999,30.53098125,40.01720625,70.5481875,0.0,28.08688092924375,0.0,255.59122240768124,383.15,5.6,394.45,24.95,603.7499999999974,75,241.27743146686873,0.39963135646686504,False
2021-07-19 03:51:00+00:00,2021-07-19,ATM_PLUS_400,400,16200.0,2021-07-22,2021-07-29,2021-07-22 15:31:00+05:30,2021-07-22 15:30:00+05:30,2021-07-22 15:29:00+05:30,476.2500000000017,476.2500000000017,476.2500000000017,476.2500000000017,True,True,5.236875,384.809625,50.35312500006057,-197.8990818330333,90928.54687500001,120.0,32.3069127046875,0.090928546875,0.920295,0.86582165625,1.78611665625,30.998559375000006,0.39276562500000006,31.391325000000005,35.24531250000007,27.43161142528125,28196.250000000055,248.25220683309388,3.5,395.75,12.25,410.85,476.2500000000017,75,214.66516703559378,0.4507405082112189,False
2021-08-16 03:50:00+00:00,2021-08-16,ATM_MINUS_200,-200,16350.0,2021-08-18,2021-08-26,2021-08-18 15:31:00+05:30,2021-08-18 15:29:00+05:30,2021-08-18 15:30:00+05:30,260.00000000000085,260.00000000000085,260.00000000000085,260.00000000000085,True,True,242.3925,37.643874999999994,-513.6562499999258,-699.0750402971632,41436.168750000004,120.0,14.722270756875002,0.04143616875,0.4086440625,0.05646581249999999,0.465109875,13.81288125,12.119625000000001,25.932506250000003,0.0,24.2574672466125,0.0,185.4187902972375,200.55,32.8,238.95,76.4,260.00000000000085,50,186.00902697206254,0.7154193345079305,False
2021-08-30 03:50:00+00:00,2021-08-30,ATM_PLUS_250,250,17050.0,2021-09-02,2021-09-09,2021-09-02 15:31:00+05:30,2021-09-02 15:29:00+05:30,2021-09-02 15:29:00+05:30,480.00000000000114,480.00000000000114,480.00000000000114,480.00000000000114,True,True,237.50475,46.716499999999996,736.4374999999285,548.4815493346035,44399.862499999996,120.0,15.775271146249999,0.04439986249999999,0.44676412499999996,0.07007474999999999,0.5168388749999999,15.296662499999998,11.875237499999999,27.171899999999997,0.0,24.447540781574997,0.0,187.95595066532496,7.7,263.4,33.7,299.0,480.00000000000114,50,179.174095546725,0.3732793657223429,False
2021-10-18 03:50:00+00:00,2021-10-18,ATM_MINUS_200,-200,18250.0,2021-10-21,2021-10-28,2021-10-21 15:31:00+05:30,2021-10-21 15:30:00+05:30,2021-10-21 15:30:00+05:30,277.4999999999999,277.4999999999999,277.4999999999999,277.4999999999999,True,True,146.383125,150.375,3585.5625000000737,3392.912368774849,49774.7125,120.0,17.68495535125,0.0497747125,0.5211997500000001,0.2255625,0.7467622500000001,17.563481250000002,7.31915625,24.8826375,4.493750000000091,24.792251411475004,3595.0000000000728,192.6501312252251,239.95,40.6,306.0,112.2,277.4999999999999,50,198.5848628752625,0.7156211274784238,False
2021-11-22 07:11:00+00:00,2021-11-22,ATM_MINUS_250,-250,17250.0,2021-11-25,2021-12-02,2021-11-25 15:31:00+05:30,2021-11-25 15:29:00+05:30,2021-11-25 15:29:00+05:30,627.4999999999999,627.4999999999999,627.4999999999999,627.4999999999999,True,True,354.062625,33.4835,2248.9250000000056,2045.6098003174307,57388.2375,120.0,20.390040783750003,0.0573882375,0.5621769375000001,0.05022525,0.6124021875000001,19.271700000000003,17.703131250000002,36.97483125000001,0.0,25.280537223825,0.0,203.31519968257504,298.85,37.85,336.0,87.55,627.4999999999999,50,203.19530205075003,0.3238172144235061,False
2021-12-13 03:50:00+00:00,2021-12-13,ATM_PLUS_200,200,17850.0,2021-12-16,2021-12-23,2021-12-16 15:31:00+05:30,2021-12-16 15:30:00+05:30,2021-12-16 15:27:00+05:30,397.5000000000023,397.5000000000023,397.5000000000023,397.5000000000023,True,True,8.977500000000001,555.385,3075.4312499999287,2852.3655573549663,60894.63125,120.0,21.635862483125,0.06089463125,0.48541049999999997,0.8330775,1.3184879999999999,16.496156250000002,0.4488750000000001,16.945031250000003,37.59999999999991,25.5054162805875,30079.999999999927,223.0656926449624,32.9,237.6,85.2,297.85,397.5000000000023,50,185.080660762475,0.46561172518861366,False
2022-01-10 03:56:00+00:00,2022-01-10,ATM_PLUS_400,400,18300.0,2022-01-13,2022-01-20,2022-01-13 15:31:00+05:30,2022-01-13 15:30:00+05:30,2022-01-13 15:30:00+05:30,317.50000000000114,317.50000000000114,317.50000000000114,317.50000000000114,True,True,129.525375,153.08174999999997,1138.8875000000396,940.4476200999145,58447.06250000001,120.0,20.766241306250002,0.05844706250000001,0.6616500000000001,0.22962262499999997,0.891272625,22.261706250000003,6.47626875,28.737975000000002,2.6375000000000455,25.348443906375,2110.0000000000364,198.43987990012505,14.85,385.05,54.95,431.5,317.50000000000114,50,196.79090096835,0.6198138613176356,False
2022-02-21 04:00:00+00:00,2022-02-21,ATM_MINUS_350,-350,16800.0,2022-02-24,2022-03-03,2022-02-24 15:31:00+05:30,2022-02-24 15:29:00+05:30,2022-02-24 15:29:00+05:30,390.00000000000057,390.00000000000057,390.00000000000057,390.00000000000057,True,True,105.735,684.7075,-1098.6750000000313,-1351.1659292341312,96541.15,120.0,34.301070595,0.09654114999999999,0.851573625,1.02706125,1.878634875,28.633237500000007,5.2867500000000005,33.919987500000005,34.503124999999955,27.7915701141,27602.499999999964,252.49092923409998,410.85,72.2,494.1,163.25,390.00000000000057,50,233.74749949073748,0.5993525627967619,False
2022-02-28 03:50:00+00:00,2022-02-28,ATM_MINUS_100,-100,16350.0,2022-03-03,2022-03-10,2022-03-03 15:31:00+05:30,2022-03-03 15:29:00+05:30,2022-03-03 15:29:00+05:30,482.5000000000017,482.5000000000017,482.5000000000017,482.5000000000017,True,True,364.18725000000006,202.505,1006.6562500000487,775.5578057717362,91315.90625000001,120.0,32.44454149062501,0.09131590625000001,0.93984375,0.3037575,1.24360125,31.65316875000001,18.209362500000005,49.86253125000002,0.0,27.4564543314375,0.0,231.0984442283125,297.35,192.85,432.15,337.3,482.5000000000017,50,238.90334817587504,0.4951364729033662,False
2022-03-14 03:50:00+00:00,2022-03-14,ATM_PLUS_150,150,16850.0,2022-03-17,2022-03-24,2022-03-17 15:31:00+05:30,2022-03-17 15:29:00+05:30,2022-03-17 15:30:00+05:30,392.50000000000114,392.50000000000114,392.50000000000114,392.50000000000114,True,True,523.6875,68.47075,1171.0312500000384,941.999435351876,81529.43125,120.0,28.967406923125,0.08152943124999999,0.7748823750000001,0.102706125,0.8775885000000001,26.09210625,26.184375,52.27648125,0.0,26.8288085437875,0.0,229.03181464816248,126.65,303.05,212.25,396.5,392.50000000000114,50,214.28540905970002,0.5459500867763042,False
2022-03-21 03:56:00+00:00,2022-03-21,ATM_PLUS_350,350,17650.0,2022-03-24,2022-03-31,2022-03-24 15:31:00+05:30,2022-03-24 15:30:00+05:30,2022-03-24 15:29:00+05:30,294.99999999999886,294.99999999999886,294.99999999999886,294.99999999999886,True,True,46.8825,485.21,-391.8499999999966,-624.2441806096716,79793.88750000001,120.0,28.350768228750006,0.07979388750000001,0.7954085625,0.727815,1.5232235625000001,26.675643750000006,2.344125,29.019768750000004,26.703125,26.717501180924998,21362.5,232.394180609675,58.25,381.3,147.65,476.6,294.99999999999886,50,212.65444164796253,0.7208625140608927,False
2022-03-28 06:43:00+00:00,2022-03-28,ATM_PLUS_300,300,17350.0,2022-03-31,2022-04-07,2022-03-31 15:31:00+05:30,2022-03-31 15:30:00+05:30,2022-03-31 15:29:00+05:30,587.5,587.5,587.5,587.5,True,True,266.43225,111.27749999999999,2486.8187500000004,2278.320598215863,67251.51875,120.0,23.894464611875,0.06725151875,0.7184917500000001,0.16691625,0.8854080000000001,24.41630625,13.3216125,37.737918750000006,0.0,25.9131089035125,0.0,208.4981517841375,55.55,321.3,156.5,434.0,587.5,50,207.9554846369375,0.3539667823607447,False
2022-04-04 03:50:00+00:00,2022-04-04,ATM_PLUS_300,300,18150.0,2022-04-07,2022-04-13,2022-04-07 15:31:00+05:30,2022-04-07 15:30:00+05:30,2022-04-07 15:25:00+05:30,2675.0,2675.0,2675.0,2675.0,True,True,23.94,476.1875,5480.425000000039,5254.080747778165,66879.6875,120.0,23.76235296875,0.06687968749999999,0.5895451875,0.71428125,1.3038264375,22.22180625,1.197,23.41880625,31.903125000000045,25.889261878125,25522.500000000036,226.34425222187508,18.6,320.0,72.05,426.95,2675.0,50,196.76031532094999,0.07355525806390653,False
2022-04-11 05:00:00+00:00,2022-04-11,ATM_PLUS_350,350,18050.0,2022-04-13,2022-04-21,2022-04-13 15:31:00+05:30,2022-04-13 15:29:00+05:30,2022-04-13 15:29:00+05:30,882.499999999996,882.499999999996,882.499999999996,882.499999999996,True,True,11.022375000000002,580.898625,998.1812499999251,766.0320695742377,72796.34375,120.0,25.864540934375,0.07279634374999999,0.6363869999999999,0.8713479375000001,1.5077349375,21.987393750000003,0.5511187500000001,22.538512500000003,35.89687499999991,26.2687207100625,28717.499999999927,232.1491804256874,16.9,348.05,75.15,423.95,882.499999999996,50,197.2825355073875,0.22354961530582254,False
2022-04-19 09:34:00+00:00,2022-04-19,ATM_MINUS_250,-250,16750.0,2022-04-21,2022-04-28,2022-04-21 15:31:00+05:30,2022-04-21 15:29:00+05:30,2022-04-21 15:29:00+05:30,322.499999999998,322.499999999998,322.499999999998,322.499999999998,True,True,681.3922500000001,18.997374999999998,1207.837500000079,978.244927157629,76781.175,120.0,27.280351477500002,0.076781175,0.623154,0.028496062499999995,0.6516500625,20.989893750000004,34.069612500000005,55.05950625000001,0.0,26.524283877450003,0.0,229.59257284245,330.2,22.85,391.55,90.65,322.499999999998,50,210.55680505376247,0.6528893179961668,False
2022-05-16 03:50:00+00:00,2022-05-16,ATM_MINUS_300,-300,15550.0,2022-05-19,2022-05-26,2022-05-19 15:31:00+05:30,2022-05-19 15:29:00+05:30,2022-05-19 15:29:00+05:30,942.4999999999998,942.4999999999998,942.4999999999998,942.4999999999998,True,True,362.59125,125.3125,-288.3312499999775,-505.58491540624,74300.33125000002,120.0,26.398907693125008,0.07430033125000002,0.7363111875,0.18796875000000002,0.9242799375,25.361437500000005,18.1295625,43.491,0.0,26.3651774443875,0.0,217.25366540626248,356.85,73.6,416.05,151.65,942.4999999999998,50,221.5782290786875,0.23509626427446956,False
2022-05-23 03:50:00+00:00,2022-05-23,ATM_MINUS_400,-400,15850.0,2022-05-26,2022-06-02,2022-05-26 15:31:00+05:30,2022-05-26 15:29:00+05:30,2022-05-26 15:29:00+05:30,919.9999999999989,919.9999999999989,919.9999999999989,919.9999999999989,True,True,411.36899999999997,75.1875,1579.5750000000198,1353.5576942721698,81125.525,120.0,28.823899032499998,0.08112552499999999,0.8402954999999999,0.11278125,0.9530767499999999,28.787850000000002,20.56845,49.356300000000005,0.0,26.80290442035,0.0,226.01730572785,443.4,63.8,495.0,133.8,919.9999999999989,50,233.1966188167,0.25347458567032644,False
2022-05-30 03:50:00+00:00,2022-05-30,ATM_MINUS_100,-100,16450.0,2022-06-02,2022-06-09,2022-06-02 15:31:00+05:30,2022-06-02 15:29:00+05:30,2022-06-02 15:29:00+05:30,512.5,512.5,512.5,512.5,True,True,279.20025,101.2525,419.34375000000017,221.55156402388764,55238.856250000004,120.0,19.626365625625002,0.05523885625,0.5369139374999999,0.15187875,0.6887926874999999,18.319087500000002,13.9600125,32.2791,0.0,25.1426888067375,0.0,197.79218597611253,180.3,105.25,251.8,187.0,512.5,50,197.74317384603754,0.38584033921178057,False
2022-06-20 03:50:00+00:00,2022-06-20,ATM_PLUS_300,300,15650.0,2022-06-23,2022-06-30,2022-06-23 15:31:00+05:30,2022-06-23 15:30:00+05:30,2022-06-23 15:29:00+05:30,615.0000000000006,615.0000000000006,615.0000000000006,615.0000000000006,True,True,140.29837500000002,198.896,2232.9812500000216,2026.0991632043592,64813.181249999994,120.0,23.028123298125003,0.06481318125,0.7103715,0.298344,1.0087155,24.1744125,7.0149187500000005,31.18933125,5.834375000000023,25.7567285662875,4667.500000000018,206.8820867956625,42.3,364.9,107.5,442.4,615.0000000000006,50,204.20826140105,0.332045953497642,False
2022-06-27 03:50:00+00:00,2022-06-27,ATM_MINUS_400,-400,15450.0,2022-06-30,2022-07-07,2022-06-30 15:31:00+05:30,2022-06-30 15:29:00+05:30,2022-06-30 15:29:00+05:30,362.4999999999993,362.4999999999993,362.4999999999993,362.4999999999993,True,True,348.775875,92.781375,-3483.806249999999,-3702.3405704865118,75489.45625,120.0,26.821403805624996,0.07548945624999999,0.7977393749999999,0.1391720625,0.9369114374999999,26.82028125,17.438793750000002,44.259075,0.0,26.4414407871375,0.0,218.53432048651248,452.95,27.5,503.0,84.8,362.4999999999993,50,229.2232907043375,0.6323401122878288,False
2022-07-04 03:50:00+00:00,2022-07-04,ATM_PLUS_400,400,16100.0,2022-07-07,2022-07-14,2022-07-07 15:31:00+05:30,2022-07-07 15:30:00+05:30,2022-07-07 15:30:00+05:30,410.0000000000023,410.0000000000023,410.0000000000023,410.0000000000023,True,True,180.796875,128.370125,1263.312500000022,1059.809953943472,64667.325,120.0,22.9763005725,0.064667325,0.7338299999999999,0.1925551875,0.9263851874999999,24.747975,9.039843750000001,33.78781875,0.0,25.747374221549997,0.0,203.50254605655,22.2,408.65,79.35,474.0,410.0000000000023,50,204.09438817491247,0.49779119067051547,False
2022-08-01 03:51:00+00:00,2022-08-01,ATM_MINUS_350,-350,16850.0,2022-08-04,2022-08-11,2022-08-04 15:31:00+05:30,2022-08-04 15:29:00+05:30,2022-08-04 15:30:00+05:30,907.5000000000017,907.5000000000017,907.5000000000017,907.5000000000017,True,True,542.3407500000001,36.2905,-499.8562499999906,-722.2862504034781,72876.79375,120.0,25.893124819375,0.07287679374999999,0.6472139999999998,0.054435750000000005,0.7016497499999998,22.37143125,27.117037500000002,49.48846875,0.0,26.2738802903625,0.0,222.4300004034875,370.3,25.2,405.2,78.25,907.5000000000017,50,213.567491295825,0.23533607856289213,False
2022-08-25 09:26:00+00:00,2022-08-25,ATM_MINUS_250,-250,17350.0,2022-08-25,2022-09-01,2022-08-25 15:31:00+05:30,2022-08-25 15:29:00+05:30,2022-08-25 15:30:00+05:30,482.49999999999955,482.49999999999955,482.49999999999955,482.49999999999955,True,True,261.345,100.0495,-155.51875000003292,-348.17094416967046,50186.01875,120.0,17.831092461875002,0.05018601875,0.4757113124999999,0.15007425,0.6257855625,16.25925,13.067250000000001,29.326500000000003,0.0,24.818630126512502,0.0,192.65219416963754,242.45,0.35,316.0,83.55,482.49999999999955,50,196.110885471075,0.4064474310281351,False
2022-08-29 09:59:00+00:00,2022-08-29,ATM_MINUS_100,-100,17250.0,2022-09-01,2022-09-08,2022-09-01 15:31:00+05:30,2022-09-01 15:29:00+05:30,2022-09-01 15:29:00+05:30,882.4999999999989,882.4999999999989,882.4999999999989,882.4999999999989,True,True,403.339125,67.718875,2942.6562500000414,2740.2442679164537,55893.19375,120.0,19.858851739375,0.05589319374999999,0.4730797499999999,0.1015783125,0.5746580625,16.570968750000002,20.166956250000002,36.737925000000004,0.0,25.1846540879625,0.0,202.41198208358753,161.8,84.55,230.05,170.45,882.4999999999989,50,192.38712411668752,0.21800240693109096,False
2022-09-19 04:00:00+00:00,2022-09-19,ATM_MINUS_350,-350,17150.0,2022-09-22,2022-09-29,2022-09-22 15:31:00+05:30,2022-09-22 15:29:00+05:30,2022-09-22 15:29:00+05:30,1762.4999999999973,1762.4999999999973,1762.4999999999973,1762.4999999999973,True,True,541.692375,34.937125,2982.181250000036,2752.6092994596984,80059.56874999999,120.0,28.445164776875004,0.08005956875,0.7439051250000001,0.052405687500000006,0.7963108125,26.431256250000004,27.084618749999997,53.515875,0.0,26.734540382212497,0.0,229.5719505403375,407.95,44.85,449.85,122.0,1762.4999999999973,50,224.936949226825,0.12762380097975906,False
2022-10-03 03:50:00+00:00,2022-10-03,ATM_MINUS_350,-350,16750.0,2022-10-06,2022-10-13,2022-10-06 15:31:00+05:30,2022-10-06 15:28:00+05:30,2022-10-06 15:30:00+05:30,442.50000000000114,442.50000000000114,442.50000000000114,442.50000000000114,True,True,583.5375,24.06,-796.4062499999557,-1026.087478460593,79491.26874999999,120.0,28.243247786874996,0.07949126874999998,0.731875125,0.036090000000000004,0.7679651249999999,24.715556250000002,29.176875,53.89243125,0.0,26.698093030012497,0.0,229.68122846063747,366.0,51.9,434.8,129.55,442.50000000000114,50,221.423546117575,0.5003921946159874,False
2022-10-17 03:50:00+00:00,2022-10-17,ATM_MINUS_350,-350,16800.0,2022-10-20,2022-10-27,2022-10-20 15:31:00+05:30,2022-10-20 15:30:00+05:30,2022-10-20 15:30:00+05:30,420.0000000000024,420.0000000000024,420.0000000000024,420.0000000000024,True,True,752.6137500000001,8.571375,-694.4062500000257,-934.3322033140382,85668.20625,120.0,30.437913680625,0.08566820625,0.7096196249999999,0.012857062499999999,0.7224766874999998,23.9549625,37.63068750000001,61.58565000000001,0.0,27.0942447396375,0.0,239.9259533140125,381.1,28.0,443.9,99.2,420.0000000000024,50,219.968457729325,0.5237344231650566,False
2022-12-20 07:02:00+00:00,2022-12-20,ATM_MINUS_400,-400,17850.0,2022-12-22,2022-12-29,2022-12-22 15:31:00+05:30,2022-12-22 15:29:00+05:30,2022-12-22 15:30:00+05:30,922.5,922.5,922.5,922.5,True,True,345.883125,39.0975,2279.6625000000718,2069.3397749189216,65094.225000000006,120.0,23.1279781425,0.065094225,0.6755596875000001,0.05864625,0.7342059375000001,23.326537500000004,17.29415625,40.62069375,0.0,25.77475302615,0.0,210.32272508115,438.5,5.2,444.05,29.2,922.5,50,216.99459602097502,0.23522449433168025,False
2023-01-02 04:15:00+00:00,2023-01-02,ATM_PLUS_400,400,18550.0,2023-01-05,2023-01-12,2023-01-05 15:31:00+05:30,2023-01-05 15:29:00+05:30,2023-01-05 15:28:00+05:30,1417.5000000000011,1417.5000000000011,1417.5000000000011,1417.5000000000011,True,True,5.08725,534.3325,2737.581249999931,2506.871936191844,71029.94375,120.0,25.236939014375004,0.07102994375,0.6412741875,0.80149875,1.4427729375,22.68315,0.2543625,22.9375125,34.86562499999991,26.1554344124625,27892.499999999927,230.70931380808744,7.5,389.4,37.05,447.3,1417.5000000000011,50,196.172224300575,0.13839310356301576,False
2023-01-23 04:04:00+00:00,2023-01-23,ATM_MINUS_400,-400,17750.0,2023-01-25,2023-02-02,2023-01-25 15:32:00+05:30,2023-01-25 15:29:00+05:30,2023-01-25 15:30:00+05:30,332.5000000000017,332.5000000000017,332.5000000000017,332.5000000000017,True,True,263.489625,85.21249999999999,2036.974999999967,1832.773155939617,62186.775,120.0,22.094961157500002,0.062186775,0.6679657499999999,0.12781875,0.7957844999999999,22.486143750000004,13.17448125,35.660625,0.0,25.588286627849996,0.0,204.20184406034997,406.35,4.7,439.5,44.5,332.5000000000017,50,215.70995584548749,0.6487517469037184,False
2023-02-01 09:59:00+00:00,2023-02-01,ATM_MINUS_150,-150,17450.0,2023-02-02,2023-02-09,2023-02-02 15:31:00+05:30,2023-02-02 15:30:00+05:30,2023-02-02 15:30:00+05:30,494.99999999999886,494.99999999999886,494.99999999999886,494.99999999999886,True,True,267.379875,91.22749999999999,1196.0437499999302,1000.8083703994678,52559.13125,120.0,18.674259333125,0.052559131249999995,0.5133050625000001,0.13684125,0.6501463125000001,17.518593750000004,13.368993750000001,30.887587500000006,0.0,24.970827323587503,0.0,195.23537960046252,184.0,33.0,308.35,167.25,494.99999999999886,50,199.81197149825,0.40366054848131405,False
2023-02-20 04:25:00+00:00,2023-02-20,ATM_PLUS_350,350,18350.0,2023-02-23,2023-03-02,2023-02-23 15:31:00+05:30,2023-02-23 15:30:00+05:30,2023-02-23 15:29:00+05:30,2044.9999999999989,2044.9999999999989,2044.9999999999989,2044.9999999999989,True,True,2.4937500000000004,798.5413749999999,4078.2687500000065,3827.038028846619,80786.64375,120.0,28.703494524375003,0.08078664375,0.5818760625,1.1978120625,1.7796881249999998,21.339018750000005,0.12468750000000002,21.463706250000005,52.421875,26.7811706102625,41937.5,251.2307211533875,5.05,359.35,27.6,422.8,2044.9999999999989,50,192.14850512327502,0.0939601492045355,False
2023-02-27 06:17:00+00:00,2023-02-27,ATM_MINUS_400,-400,16950.0,2023-03-02,2023-03-09,2023-03-02 15:31:00+05:30,2023-03-02 15:29:00+05:30,2023-03-02 15:29:00+05:30,1005.0000000000011,1005.0000000000011,1005.0000000000011,1005.0000000000011,True,True,395.80800000000005,15.0375,1334.3374999999298,1121.1322311680049,66214.7625,120.0,23.526105116250005,0.06621476250000001,0.671725125,0.02255625,0.6942813750000001,23.281650000000003,19.7904,43.072050000000004,0.0,25.846617578175,0.0,213.20526883192503,437.3,7.65,439.05,29.5,1005.0000000000011,50,216.5258150514875,0.2154485721905346,False
2023-03-13 04:00:00+00:00,2023-03-13,ATM_MINUS_300,-300,17250.0,2023-03-16,2023-03-23,2023-03-16 15:31:00+05:30,2023-03-16 15:30:00+05:30,2023-03-16 15:29:00+05:30,282.49999999999886,282.49999999999886,282.49999999999886,282.49999999999886,True,True,62.8425,283.055875,2403.2375000000757,2201.031593061851,52731.7125,120.0,18.735577451250002,0.0527317125,0.5286433125,0.42458381250000005,0.953227125,17.815350000000002,3.142125,20.957475000000002,16.52500000000009,24.981895649475,13220.000000000073,202.2059069382251,303.2,17.35,334.2,54.0,282.49999999999886,50,199.73815199513749,0.7070377061774806,False
2023-04-03 04:14:00+00:00,2023-04-03,ATM_PLUS_300,300,17650.0,2023-04-06,2023-04-13,2023-04-06 15:31:00+05:30,2023-04-06 15:30:00+05:30,2023-04-06 15:29:00+05:30,334.99999999999943,334.99999999999943,334.99999999999943,334.99999999999943,True,True,65.83500000000001,110.8765,540.3249999999304,356.4114426763555,42874.737499999996,120.0,15.23339423375,0.042874737499999996,0.5068389375,0.16631475,0.6731536874999999,17.14453125,3.2917500000000004,20.43628125,3.178124999999909,24.349728414825,2542.4999999999272,183.9135573235749,7.3,299.2,37.85,336.45,334.99999999999943,50,183.840411880575,0.5487773488972397,False
2023-04-25 05:00:00+00:00,2023-04-25,ATM_PLUS_400,400,18150.0,2023-04-27,2023-05-04,2023-04-27 15:31:00+05:30,2023-04-27 15:30:00+05:30,2023-04-27 15:29:00+05:30,997.5000000000023,997.5000000000023,997.5000000000023,997.5000000000023,True,True,15.610875000000002,224.76049999999998,2189.275000000036,1989.625901408486,51313.575000000004,120.0,18.231713197500003,0.051313575,0.5759362500000001,0.33714075,0.9130770000000001,20.097131250000004,0.7805437500000001,20.877675000000004,14.684375000000045,24.89094481905,11747.500000000036,199.64909859155006,1.6,373.1,9.9,401.35,997.5000000000023,50,188.55706320637498,0.1890296372996236,False
2023-05-30 05:36:00+00:00,2023-05-30,ATM_MINUS_350,-350,18250.0,2023-06-01,2023-06-08,2023-06-01 15:31:00+05:30,2023-06-01 15:29:00+05:30,2023-06-01 15:30:00+05:30,382.49999999999994,382.49999999999994,382.49999999999994,382.49999999999994,True,True,293.4645,27.568749999999998,1688.681250000002,1487.6511361984894,56493.20624999999,120.0,20.072036180625002,0.05649320625,0.6024022499999999,0.041353125000000004,0.6437553749999999,20.36146875,14.673224999999999,35.03469375,0.0,25.223135289637497,0.0,201.0301138015125,381.6,5.6,395.0,26.65,382.49999999999994,50,208.1520123895,0.5441882676849674,False
2023-06-12 04:55:00+00:00,2023-06-12,ATM_PLUS_350,350,18950.0,2023-06-15,2023-06-22,2023-06-15 15:31:00+05:30,2023-06-15 15:30:00+05:30,2023-06-15 15:30:00+05:30,609.9999999999994,609.9999999999994,609.9999999999994,609.9999999999994,True,True,13.117125000000001,252.63,1641.5562500000733,1443.8619598693108,48405.83125,120.0,17.198591843125,0.04840583125,0.518944125,0.37894500000000003,0.8978891250000001,17.820337499999997,0.65585625,18.476193749999997,16.36875000000009,24.7044595813875,13095.000000000073,197.69429013076257,4.1,324.25,20.85,353.2,609.9999999999994,50,184.1559340831375,0.3018949739067831,False
2023-07-10 04:11:00+00:00,2023-07-10,ATM_MINUS_350,-350,19050.0,2023-07-13,2023-07-20,2023-07-13 15:31:00+05:30,2023-07-13 15:29:00+05:30,2023-07-13 15:29:00+05:30,870.0000000000007,870.0000000000007,870.0000000000007,870.0000000000007,True,True,425.084625,9.4235,3371.556250000006,3164.0071402176436,59323.231250000004,120.0,21.077544063125004,0.059323231250000004,0.552327375,0.01413525,0.566462625,19.186912500000002,21.25423125,40.44114375,0.0,25.4046361129875,0.0,207.54910978236254,350.1,8.55,358.75,34.6,870.0000000000007,50,203.34318006591252,0.2337277931792096,False
2023-07-24 08:38:00+00:00,2023-07-24,ATM_MINUS_400,-400,19350.0,2023-07-27,2023-08-03,2023-07-27 15:32:00+05:30,2023-07-27 15:29:00+05:30,2023-07-27 15:29:00+05:30,439.9999999999995,439.9999999999995,439.9999999999995,439.9999999999995,True,True,412.51612500000005,13.73425,4775.181249999931,4563.062604196693,64876.418750000004,120.0,23.050591581875004,0.06487641875,0.6484921875,0.020601374999999998,0.6690935625000001,21.947493750000003,20.62580625,42.5733,0.0,25.760784240112503,0.0,212.11864580323757,411.2,7.4,423.85,28.85,439.9999999999995,50,213.19039726885,0.48452363015647787,False
2023-08-08 08:23:00+00:00,2023-08-08,ATM_PLUS_400,400,19950.0,2023-08-10,2023-08-17,2023-08-10 15:31:00+05:30,2023-08-10 15:30:00+05:30,2023-08-10 15:29:00+05:30,437.5,437.5,437.5,437.5,True,True,6.034875,379.9475,1987.1375000000712,1773.640983749721,59190.525,120.0,21.0303935325,0.059190525,0.5933045625000001,0.56992125,1.1632258125000001,20.1145875,0.30174375000000003,20.41633125,25.43125000000009,25.396125130349997,20345.000000000073,213.49651625035008,2.1,380.8,13.75,401.2,437.5,50,189.111997866975,0.4322559951245143,False
2023-10-04 04:56:00+00:00,2023-10-04,ATM_MINUS_350,-350,19050.0,2023-10-05,2023-10-12,2023-10-05 15:33:00+05:30,2023-10-05 15:26:00+05:30,2023-10-05 15:30:00+05:30,827.5,827.5,827.5,827.5,True,True,507.47812500000003,7.51875,940.3125000000017,725.6087761531517,64810.275,120.0,23.0270907075,0.064810275,0.5749588125,0.011278125,0.5862369375,19.8951375,25.37390625,45.26904375,0.0,25.756542176850004,0.0,214.70372384685004,374.85,2.35,380.0,24.05,827.5,50,205.95620605187497,0.24888967498716008,False
2023-10-31 04:07:00+00:00,2023-10-31,ATM_PLUS_400,400,19550.0,2023-11-02,2023-11-09,2023-11-02 15:32:00+05:30,2023-11-02 15:30:00+05:30,2023-11-02 15:29:00+05:30,812.5000000000028,812.5000000000028,812.5000000000028,812.5000000000028,True,True,9.3765,350.323625,4498.887500000006,4283.520116241356,59485.475,120.0,21.135189267500003,0.059485475,0.611875875,0.5254854375000001,1.1373613125,21.104606250000003,0.468825,21.573431250000002,26.046875,25.41504145365,20837.5,215.36738375865002,5.05,378.4,28.5,418.1,812.5000000000028,50,192.22361193423748,0.23658290699598378,False
2024-02-14 09:02:00+00:00,2024-02-14,ATM_MINUS_400,-400,21350.0,2024-02-15,2024-02-22,2024-02-15 15:31:00+05:30,2024-02-15 15:28:00+05:30,2024-02-15 15:30:00+05:30,577.5000000000006,577.5000000000006,577.5000000000006,577.5000000000006,True,True,656.754,16.74175,4415.581250000003,4179.9589220313155,83685.84374999999,120.0,29.733580284375,0.08368584375,0.7433788124999999,0.025112625,0.7684914374999999,25.231762500000002,32.837700000000005,58.06946250000001,0.0,26.967107903062498,0.0,235.6223279686875,460.9,4.7,489.65,45.0,577.5000000000006,50,224.30633589365,0.3884092396426836,False
2024-07-23 07:04:00+00:00,2024-07-23,ATM_MINUS_350,-350,23950.0,2024-07-25,2024-08-01,2024-07-25 15:32:00+05:30,2024-07-25 15:29:00+05:30,2024-07-25 15:30:00+05:30,323.75000000000114,323.75000000000114,323.75000000000114,323.75000000000114,True,True,492.61537500000003,30.075,423.43125000004136,240.92550644199136,37597.700000000004,120.0,13.358462809999999,0.0375977,0.36402028124999997,0.02255625,0.38657653124999997,12.396431250000001,12.315384375000002,24.711815625000003,0.0,24.011290891799995,0.0,182.50574355805,387.1,58.0,426.15,110.0,323.75000000000114,25,181.01078939441248,0.5591066853881447,False
2024-12-26 08:06:00+00:00,2024-12-26,ATM_MINUS_400,-400,23350.0,2024-12-26,2025-01-02,2024-12-26 15:31:00+05:30,2024-12-26 15:28:00+05:30,2024-12-26 15:29:00+05:30,389.99999999999915,389.99999999999915,389.99999999999915,389.99999999999915,True,True,505.183875,46.81675,4594.30312499995,4337.985557139006,104691.571875,120.0,37.196915487187496,0.10469157187499999,0.9458963437499999,0.1053376875,1.05123403125,31.761646875000004,37.888790625000006,69.65043750000001,0.0,28.314289270631246,0.0,256.31756786094377,379.55,0.35,419.0,45.0,389.99999999999915,75,246.96701313134997,0.6332487516188474,False
2025-01-02 04:24:00+00:00,2025-01-02,ATM_MINUS_350,-350,23450.0,2025-01-02,2025-01-09,2025-01-02 15:31:00+05:30,2025-01-02 15:29:00+05:30,2025-01-02 15:29:00+05:30,352.5000000000002,352.5000000000002,352.5000000000002,352.5000000000002,True,True,751.5165000000001,21.0525,-442.33125000010034,-732.4668254735878,130294.29375,120.0,46.293562569375005,0.13029429375,1.0827,0.047368125,1.130068125,36.261618750000004,56.363737500000006,92.62535625000001,0.0,29.956294235362503,0.0,290.1355754734875,398.0,11.9,468.1,86.7,352.5000000000002,75,262.0428856186125,0.7433840726769144,False
2025-04-07 03:51:00+00:00,2025-04-07,ATM_MINUS_100,-100,21900.0,2025-04-09,2025-04-17,2025-04-09 15:31:00+05:30,2025-04-09 15:29:00+05:30,2025-04-09 15:30:00+05:30,873.7499999999983,873.7499999999983,873.7499999999983,873.7499999999983,True,True,702.24,137.3425,5520.3093749999025,5192.520877326297,176767.75312500002,120.0,62.8055826853125,0.17676775312499998,1.69814728125,0.309020625,2.00716790625,57.194156250000006,52.668,109.86215625,0.0,32.93682307891875,0.0,327.78849767360623,462.45,204.75,548.1,302.05,873.7499999999983,75,316.8113435921625,0.36258808994811226,False
2025-04-30 09:30:00+00:00,2025-04-30,ATM_PLUS_250,250,24650.0,2025-04-30,2025-05-08,2025-04-30 15:30:00+05:30,2025-04-30 15:30:00+05:30,2025-04-30 15:29:00+05:30,337.49999999999574,337.49999999999574,337.49999999999574,337.49999999999574,True,True,83.5905,426.413375,-1827.4218750000487,-2073.7475635837422,93531.94687499998,120.0,33.23190072468749,0.09353194687499998,0.8262354375,0.95943009375,1.7856655312499998,27.740475,6.269287500000001,34.0097625,29.606249999999932,27.598577880881244,23684.999999999945,246.32568858369365,0.15,261.75,104.55,370.65,337.49999999999574,75,217.07193737145002,0.6431761107302304,False
2025-06-12 09:55:00+00:00,2025-06-12,ATM_MINUS_250,-250,24600.0,2025-06-12,2025-06-19,2025-06-12 15:59:00+05:30,2025-06-12 15:44:00+05:30,2025-06-12 15:44:00+05:30,483.75000000000125,483.75000000000125,483.75000000000125,483.75000000000125,True,True,352.1175,81.954375,-1005.3187500000462,-1238.3677643622086,87075.43125000001,120.0,30.937900723124994,0.08707543124999997,0.8125889062499999,0.18439734375,0.99698625,27.43374375,26.4088125,53.84255625,0.0,27.184495707787498,0.0,233.0490143621625,287.85,0.05,360.2,78.85,483.75000000000125,75,233.71591681777505,0.48313367817627795,False
2025-06-19 09:54:00+00:00,2025-06-19,ATM_MINUS_50,-50,24750.0,2025-06-19,2025-06-26,2025-06-19 15:59:00+05:30,2025-06-19 15:42:00+05:30,2025-06-19 15:42:00+05:30,292.4999999999983,292.4999999999983,292.4999999999983,292.4999999999983,True,True,206.48250000000002,175.53775,-711.1124999999987,-910.9445752167737,60938.28749999999,120.0,21.65137354875,0.060938287499999994,0.4811248125,0.39495993749999997,0.87608475,16.249274999999997,15.486187500000002,31.735462499999997,0.0,25.508216130525,0.0,199.832075216775,45.5,0.15,213.15,171.7,292.4999999999983,75,200.37046463964376,0.6850272295372476,False
2025-07-03 08:10:00+00:00,2025-07-03,ATM_MINUS_350,-350,25250.0,2025-07-03,2025-07-10,2025-07-03 15:59:00+05:30,2025-07-03 15:43:00+05:30,2025-07-03 15:43:00+05:30,378.7500000000035,378.7500000000035,378.7500000000035,378.7500000000035,True,True,266.083125,83.75887499999999,2258.596875000061,2030.7162505801548,85025.95312500001,120.0,30.209721145312507,0.08502595312500001,0.878340375,0.18845746875,1.0667978437499999,29.509790625,19.956234375,49.466025,0.0,27.05305447771875,0.0,227.88062441990624,343.35,0.9,388.5,51.1,378.7500000000035,75,239.7195521806313,0.6329229100478655,False
2025-08-04 04:19:00+00:00,2025-08-04,ATM_MINUS_400,-400,24200.0,2025-08-07,2025-08-14,2025-08-07 15:59:00+05:30,2025-08-07 15:29:00+05:30,2025-08-07 15:43:00+05:30,828.7499999999987,828.7499999999987,828.7499999999987,828.7499999999987,True,True,489.722625,20.801875,6092.859374999895,5825.602914892865,115766.015625,120.0,41.1316653515625,0.115766015625,1.152624375,0.04680421875,1.19942859375,39.055865625,36.729196875,75.78506250000001,0.0,29.02453764609375,0.0,267.2564601070312,454.95,25.9,485.1,67.1,828.7499999999987,75,268.2045384735562,0.3236253857901136,False
2026-01-20 09:40:00+00:00,2026-01-20,ATM_MINUS_400,-400,24850.0,2026-01-20,2026-01-27,2026-01-20 15:59:00+05:30,2026-01-20 15:29:00+05:30,2026-01-20 15:30:00+05:30,705.2499999999968,705.2499999999968,705.2499999999968,705.2499999999968,True,True,455.90737500000006,45.864374999999995,2352.2931250000065,2113.385196758635,89914.150625,120.0,31.9464977170625,0.089914150625,0.85105483125,0.08943553124999999,0.9404903625000001,28.930492500000003,29.633979375000003,58.56447187500001,0.0,27.366554136183748,0.0,238.90792824137122,405.15,0.1,435.25,41.05,705.2499999999968,65,236.76225354484876,0.33571393625643364,False
2026-02-01 07:20:00+00:00,2026-02-01,ATM_PLUS_350,350,25350.0,2026-02-03,2026-02-10,2026-02-03 15:59:00+05:30,2026-02-03 15:29:00+05:30,2026-02-03 15:30:00+05:30,1790.7500000000007,1790.7500000000007,1790.7500000000007,1790.7500000000007,True,True,473.8125,60.15,3956.6556250000513,3700.89427358989,107265.835625,120.0,38.11155139756251,0.107265835625,1.06423395,0.11729250000000001,1.18152645,37.083808125000004,30.7978125,67.88162062500001,0.0,28.479387101973746,0.0,255.76135141016118,71.95,399.45,144.95,500.0,1790.7500000000007,65,238.2792264449375,0.1330611344101284,False
2026-03-02 09:53:00+00:00,2026-03-02,ATM_MINUS_350,-350,24500.0,2026-03-02,2026-03-10,2026-03-02 15:59:00+05:30,2026-03-02 15:30:00+05:30,2026-03-02 15:30:00+05:30,601.25,601.25,601.25,601.25,True,True,528.6750000000001,140.85125,1873.3731249999591,1616.544789858803,109885.95312500001,120.0,39.04247914531251,0.10988595312500002,0.9889712625000002,0.2746599375,1.2636312000000003,33.40103812500001,34.36387500000001,67.76491312500002,0.0,28.64742571771875,0.0,256.8283351411563,368.6,0.1,505.8,146.55,601.25,65,254.7771543192875,0.42374578680962577,False
2026-03-17 04:16:00+00:00,2026-03-17,ATM_MINUS_300,-300,23150.0,2026-03-17,2026-03-24,2026-03-17 15:59:00+05:30,2026-03-17 15:29:00+05:30,2026-03-17 15:30:00+05:30,770.2500000000015,770.2500000000015,770.2500000000015,770.2500000000015,True,True,557.004,118.445375,1091.7887499999097,835.1235787612621,107911.03375000002,120.0,38.340790291375,0.10791103375,0.9509489437499999,0.23096848125000002,1.181917425,32.30852625,36.20526,68.51378625000001,0.0,28.520766238522505,0.0,256.66517123864753,312.6,9.75,476.7,185.7,770.2500000000015,65,251.12350196175376,0.32602856470204905,False
2026-04-07 06:08:00+00:00,2026-04-07,ATM_PLUS_200,200,23150.0,2026-04-07,2026-04-13,2026-04-07 15:59:00+05:30,2026-04-07 15:30:00+05:30,2026-04-07 15:30:00+05:30,409.49999999999704,409.49999999999704,409.49999999999704,409.49999999999704,True,True,334.56149999999997,353.4815,740.6912499999061,472.26188718218367,105425.27125,120.0,37.457598875125,0.10542527124999998,0.906671025,0.689288925,1.5959599500000001,45.720163125,32.61974625,78.33990937499999,2.569124999999858,28.361344346347497,1712.7499999999054,268.4293628177224,17.1,208.3,255.5,453.0,409.49999999999704,65,258.85827938838,0.632132550398979,False
