variant,slippage_pct,brokerage_per_order_inr,trade_count,net_pnl_inr,mean_pnl_inr
control,0.0,20.0,131,95297.06443864087,727.4585071651975
control,0.0025,10.0,131,81143.55950141653,619.4164847436376
control,0.0025,20.0,131,71868.75950141653,548.6164847436376
control,0.0025,40.0,131,53319.15950141652,407.0164847436376
control,0.005,20.0,131,48440.45456419157,369.774462322073
control,0.01,20.0,131,1583.8446897414033,12.09041747894201
cost_le_25pct,0.0,20.0,14,17112.01745869912,1222.2869613356513
cost_le_25pct,0.0025,10.0,14,15636.478344376985,1116.8913103126417
cost_le_25pct,0.0025,20.0,14,14645.278344376984,1046.0913103126418
cost_le_25pct,0.0025,40.0,14,12662.878344376986,904.4913103126419
cost_le_25pct,0.005,20.0,14,12178.539230054794,869.8956592896282
cost_le_25pct,0.01,20.0,14,7245.061001410388,517.5043572435991
cost_le_50pct,0.0,20.0,35,43999.80583781679,1257.1373096519083
cost_le_50pct,0.0025,10.0,35,40203.28312399512,1148.6652321141462
cost_le_50pct,0.0025,20.0,35,37725.28312399511,1077.865232114146
cost_le_50pct,0.0025,40.0,35,32769.28312399511,936.2652321141461
cost_le_50pct,0.005,20.0,35,31450.760410173247,898.5931545763784
cost_le_50pct,0.01,20.0,35,18901.714982529542,540.048999500844
cost_le_75pct,0.0,20.0,62,60077.5895554564,968.9933799267161
cost_le_75pct,0.0025,10.0,62,53254.38824086555,858.941745820412
cost_le_75pct,0.0025,20.0,62,48864.78824086555,788.1417458204121
cost_le_75pct,0.0025,40.0,62,40085.588240865545,646.5417458204121
cost_le_75pct,0.005,20.0,62,37651.98692627439,607.2901117141031
cost_le_75pct,0.01,20.0,62,15226.384297091981,245.58684350148357
