threshold_pct,slippage_pct,n_trades,total_net_pnl_inr,mean_net_pnl_inr,win_rate_pct,profit_factor,max_drawdown_inr
1.0,0.0025,191,348414.852782,1824.161533,56.544503,1.221547,-775270.491265
1.5,0.0025,136,126477.654686,929.982755,52.205882,1.112551,-477417.340584
2.0,0.0025,94,204324.829045,2173.668394,52.127660,1.280615,-335528.783488
2.5,0.0025,63,168665.952512,2677.237341,60.317460,1.371237,-194854.371912
3.0,0.0025,53,224638.193978,4238.456490,60.377358,1.569961,-218606.458695
4.0,0.0025,18,63788.582326,3543.810129,77.777778,1.545009,-69400.029704
5.0,0.0025,13,73394.837170,5645.756705,76.923077,2.189168,-61719.486853
0.0,0.0,63,174021.417821,2762.244727,60.317460,1.384973,-194197.463321
0.0,0.001,63,171879.231698,2728.241773,60.317460,1.379462,-194460.226758
0.0,0.005,63,163310.487203,2592.229956,60.317460,1.357639,-195511.280502
0.0,0.01,63,152599.556585,2422.215184,60.317460,1.330849,-196825.097683
0.0,0.0025,63,168665.952512,2677.237341,60.317460,1.371237,-194854.371912
