regime,trades,mean_net_pnl_inr,median_net_pnl_inr,win_rate,profit_factor,total_net_pnl_inr,variable
down,15,12266.265837786936,18345.94730255693,0.7333333333333333,6.471273101706021,183993.98756680405,trend_regime
sideways,1,-38217.71345081468,-38217.71345081468,0.0,0.0,-38217.71345081468,trend_regime
up,12,1705.391316087321,5404.773740660737,0.6666666666666666,1.382983518229563,20464.695793047853,trend_regime
high,3,-3073.3340305671773,-7219.442618547067,0.3333333333333333,0.36655869170472904,-9220.002091701532,vol_regime
low,11,-666.9401258558108,3871.4564866980636,0.6363636363636364,0.8904029844179593,-7336.3413844139195,vol_regime
medium,14,13056.950956082334,18399.345629713578,0.7857142857142857,5.174686285847124,182797.31338515267,vol_regime
down_move,5,8492.326133269573,9089.677869157647,0.6,4.367445003541137,42461.63066634786,entry_move_regime
small_move,10,10484.443131140835,10972.282287907938,0.8,7.26693413705988,104844.43131140835,entry_move_regime
up_move,13,1456.5313793293076,5335.414441701656,0.6153846153846154,1.197356816656833,18934.907931281,entry_move_regime
