near_expiry,entry_timestamp,entry_date,rank,shift_points,strike,flatline_inr,gross_pnl_inr,total_costs,net_pnl_inr
2021-05-27,2021-05-25 13:27:00+05:30,2021-05-25,1,400,15600.0,491.25000000000085,2378.7187499999745,237.3580374147,2141.3607125852745
2021-05-27,2021-05-25 13:27:00+05:30,2021-05-25,2,250,15450.0,60.00000000000085,2123.5874999999774,209.0074550770875,1914.5800449228896
2021-06-03,2021-06-03 15:17:00+05:30,2021-06-03,1,400,16100.0,337.5,433.0687499999783,254.5051231844625,178.56362681551582
2021-06-03,2021-06-03 15:17:00+05:30,2021-06-03,2,300,16000.0,221.2500000000034,27.928124999981208,230.36630688928125,-202.43818188930004
2021-06-10,2021-06-09 13:14:00+05:30,2021-06-09,1,300,15950.0,1102.499999999995,1339.0593750000007,217.48702452245627,1121.5723504775444
2021-06-10,2021-06-09 13:14:00+05:30,2021-06-09,2,50,15700.0,326.24999999999955,496.5843750000048,184.70765656520624,311.8767184347985
2021-07-22,2021-07-20 10:45:00+05:30,2021-07-20,1,-250,15350.0,56.2499999999984,-81.68437499994032,239.79806331020623,-321.48243831014656
2021-07-22,2021-07-20 10:45:00+05:30,2021-07-20,2,-200,15400.0,44.99999999999957,-77.45624999994472,229.39236974055,-306.8486197404947
2021-08-05,2021-08-03 14:44:00+05:30,2021-08-03,1,250,16350.0,307.49999999999886,-747.5312500000157,180.79354238298748,-928.3247923830032
2021-08-05,2021-08-03 14:44:00+05:30,2021-08-03,2,0,16100.0,25.0,-1127.9000000000187,176.770699329275,-1304.6706993292937
2021-08-18,2021-08-16 11:09:00+05:30,2021-08-16,1,400,16950.0,495.0000000000017,-82.17499999992128,214.05883224122505,-296.2338322411464
2021-08-18,2021-08-16 11:09:00+05:30,2021-08-16,2,-300,16250.0,409.99999999999767,-368.8562499999279,199.20195883986253,-568.0582088397904
2021-09-02,2021-08-31 13:20:00+05:30,2021-08-31,1,400,17400.0,1352.5000000000005,1637.674999999929,201.0720943762749,1436.602905623654
2021-09-02,2021-08-31 13:20:00+05:30,2021-08-31,2,-350,16650.0,1185.0000000000011,974.1874999999288,221.016092739825,753.1714072601038
2021-09-23,2021-09-20 09:27:00+05:30,2021-09-20,1,350,17850.0,282.5000000000017,1159.6499999999664,194.77705213217493,964.8729478677916
2021-09-23,2021-09-20 09:27:00+05:30,2021-09-20,2,-350,17150.0,212.4999999999989,950.9562499999732,230.9049345576375,720.0513154423356
2021-09-30,2021-09-30 15:25:00+05:30,2021-09-30,1,-350,17250.0,62.49999999999787,-226.15000000007012,209.7377067411,-435.8877067411702
2021-10-07,2021-10-06 14:19:00+05:30,2021-10-06,1,-250,17450.0,702.4999999999999,2403.7687500000766,201.9477157126125,2201.821034287464
2021-10-07,2021-10-06 14:19:00+05:30,2021-10-06,2,-350,17350.0,679.9999999999993,1946.137500000075,215.41438966145,1730.723110338625
2021-10-21,2021-10-18 12:57:00+05:30,2021-10-18,1,350,18850.0,367.50000000000114,2992.100000000073,235.3879783886251,2756.712021611448
2021-10-21,2021-10-18 12:57:00+05:30,2021-10-18,2,150,18650.0,347.49999999999943,3781.100000000072,211.6318768928001,3569.468123107272
2021-11-11,2021-11-10 13:31:00+05:30,2021-11-10,1,350,18350.0,125.00000000000284,1615.831250000076,217.40799199696255,1398.4232580031137
2021-12-02,2021-12-02 13:14:00+05:30,2021-12-02,1,350,17650.0,117.4999999999983,816.7374999999282,202.3210604345249,614.4164395654034
2021-12-23,2021-12-22 09:25:00+05:30,2021-12-22,1,-250,16650.0,114.99999999999916,-894.1437499999242,206.23694392748752,-1100.3806939274118
2022-01-06,2022-01-06 09:22:00+05:30,2022-01-06,1,350,18150.0,554.9999999999983,1097.9562499999304,217.3307034155374,880.625546584393
2022-01-20,2022-01-19 10:23:00+05:30,2022-01-19,1,-250,17750.0,102.49999999999702,2662.48125,191.70328815788756,2470.7779618421123
2022-01-27,2022-01-27 09:20:00+05:30,2022-01-27,1,-400,16600.0,125.00000000000142,2688.049999999936,241.062499991375,2446.987500008561
2022-02-03,2022-02-01 13:04:00+05:30,2022-02-01,1,400,17850.0,1164.9999999999975,-2715.912500000033,224.7126971783499,-2940.625197178383
2022-02-03,2022-02-01 13:04:00+05:30,2022-02-01,2,-300,17150.0,164.99999999999915,-3271.325000000032,219.63790355137505,-3490.962903551407
2022-02-10,2022-02-09 15:08:00+05:30,2022-02-09,1,-400,17050.0,89.99999999999844,31.437500000079588,226.51963767872505,-195.08213767864544
2022-02-17,2022-02-14 09:21:00+05:30,2022-02-14,1,-250,16750.0,1962.5,134.73750000007954,237.465131097775,-102.72763109769548
2022-02-17,2022-02-14 09:21:00+05:30,2022-02-14,2,-350,16650.0,690.0000000000006,219.18125000008075,250.41703836571247,-31.23578836563172
2022-02-24,2022-02-24 11:17:00+05:30,2022-02-24,1,-350,16250.0,57.500000000001705,-2269.7750000000296,225.62289282982496,-2495.3978928298548
2022-03-03,2022-03-03 09:41:00+05:30,2022-03-03,1,-400,16250.0,1222.5000000000025,1652.2437500000422,227.99095694226244,1424.2527930577796
2022-03-03,2022-03-03 09:41:00+05:30,2022-03-03,2,-300,16350.0,917.4999999999998,1477.8187500000442,217.7948879463375,1260.0238620537068
2022-03-10,2022-03-10 09:44:00+05:30,2022-03-10,1,-400,16200.0,257.49999999999955,-2432.7812500000678,226.76628425601248,-2659.54753425608
2022-03-10,2022-03-10 09:44:00+05:30,2022-03-10,2,-300,16300.0,149.99999999999716,-2446.750000000068,215.54151750920005,-2662.2915175092685
2022-03-17,2022-03-15 12:41:00+05:30,2022-03-15,1,300,17100.0,710.0000000000023,1685.6250000000407,220.59264412252497,1465.0323558775158
2022-03-17,2022-03-15 12:41:00+05:30,2022-03-15,2,250,17050.0,550.0,1572.5250000000408,221.0337832573,1351.4912167427408
2022-03-24,2022-03-22 12:42:00+05:30,2022-03-22,1,400,17550.0,132.5000000000017,-435.71874999999807,225.30674823163747,-661.0254982316355
2022-04-07,2022-04-05 13:05:00+05:30,2022-04-05,1,-300,17750.0,314.9999999999999,3241.206250000039,201.20552135168757,3040.0007286483515
2022-04-07,2022-04-05 13:05:00+05:30,2022-04-05,2,300,18350.0,289.9999999999977,3278.9375000000405,235.38250105845003,3043.5549989415904
2022-04-13,2022-04-11 11:26:00+05:30,2022-04-11,1,350,18050.0,497.4999999999994,612.4312499999292,232.2436222309124,380.1876277690168
2022-04-21,2022-04-20 09:26:00+05:30,2022-04-20,1,-350,16750.0,347.5000000000023,1232.02500000008,229.90826136532505,1002.1167386347552
2022-04-28,2022-04-28 15:13:00+05:30,2022-04-28,1,-150,17100.0,172.50000000000014,114.75625000003618,184.5350770198375,-69.77882701980133
2022-04-28,2022-04-28 15:13:00+05:30,2022-04-28,2,50,17300.0,157.49999999999886,-7.131249999962108,176.30683050423755,-183.4380805041997
2022-05-05,2022-05-04 13:03:00+05:30,2022-05-04,1,-250,16650.0,1042.4999999999982,72.28749999992772,196.75717944525,-124.46967944532224
2022-05-05,2022-05-04 13:03:00+05:30,2022-05-04,2,350,17250.0,682.4999999999989,-93.60625000007305,235.7641919652374,-329.3704419653104
2022-05-12,2022-05-12 12:30:00+05:30,2022-05-12,1,-350,15500.0,540.0000000000006,1164.3375000000078,215.3228257846,949.0146742154078
2022-05-12,2022-05-12 12:30:00+05:30,2022-05-12,2,400,16250.0,352.4999999999977,1114.775000000006,228.402113503,886.372886497006
2022-05-19,2022-05-16 15:25:00+05:30,2022-05-16,1,400,16250.0,34.99999999999943,-1496.493749999982,230.36905538076252,-1726.8628053807445
2022-05-26,2022-05-23 14:00:00+05:30,2022-05-23,1,-400,15900.0,759.9999999999973,1510.8375000000174,222.434227726725,1288.4032722732925
2022-05-26,2022-05-23 14:00:00+05:30,2022-05-23,2,350,16650.0,712.5,1343.825000000024,231.25574622410005,1112.569253775924
2022-06-02,2022-05-31 15:10:00+05:30,2022-05-31,1,-400,16200.0,389.9999999999984,219.062500000004,221.607156216575,-2.5446562165710134
2022-06-02,2022-05-31 15:10:00+05:30,2022-05-31,2,350,16950.0,279.9999999999983,366.6250000000048,215.26133679345003,151.36366320655475
2022-06-09,2022-06-06 13:45:00+05:30,2022-06-06,1,-50,16550.0,215.00000000000057,226.82500000007624,192.42746332040005,34.397536679676165
2022-06-09,2022-06-06 13:45:00+05:30,2022-06-06,2,-100,16500.0,142.50000000000114,-60.999999999923205,191.42722864962505,-252.42722864954823
2022-06-16,2022-06-16 09:44:00+05:30,2022-06-16,1,-350,15450.0,502.4999999999999,1020.0062499999874,202.58109993028748,817.4251500697
2022-06-16,2022-06-16 09:44:00+05:30,2022-06-16,2,-400,15400.0,312.50000000000216,-1113.262500000012,205.53332003277495,-1318.7958200327869
2022-06-23,2022-06-20 13:18:00+05:30,2022-06-20,1,-150,15150.0,234.99999999999943,2174.175000000018,217.3163374872,1956.858662512818
2022-06-23,2022-06-20 13:18:00+05:30,2022-06-20,2,250,15550.0,187.5,1990.5937500000207,198.6247927423375,1791.968957257683
2022-06-30,2022-06-28 15:29:00+05:30,2022-06-28,1,-350,15500.0,405.00000000000256,-3321.7874999999945,208.231655532325,-3530.0191555323195
2022-06-30,2022-06-28 15:29:00+05:30,2022-06-28,2,350,16200.0,364.9999999999977,-3272.374999999997,221.558268744725,-3493.9332687447218
2022-07-07,2022-07-04 14:19:00+05:30,2022-07-04,1,400,16200.0,302.50000000000057,1067.0187500000195,204.7369014783375,862.2818485216823
2022-07-07,2022-07-04 14:19:00+05:30,2022-07-04,2,150,15950.0,289.9999999999977,1028.093750000019,196.8011159288625,831.2926340711566
2022-07-14,2022-07-12 13:36:00+05:30,2022-07-12,1,-200,15900.0,339.99999999999915,-67.88749999997918,187.545519241275,-255.4330192412542
2022-07-14,2022-07-12 13:36:00+05:30,2022-07-12,2,150,16250.0,337.5,-256.6124999999829,199.861017152,-456.47351715198295
2022-07-21,2022-07-20 14:28:00+05:30,2022-07-20,1,-400,16100.0,59.9999999999973,575.0375000000055,222.3430061958001,352.6944938042054
2022-07-21,2022-07-20 14:28:00+05:30,2022-07-20,2,-150,16350.0,52.49999999999986,428.68125,189.61915131428748,239.0620986857125
2022-07-28,2022-07-25 14:35:00+05:30,2022-07-25,1,-350,16350.0,332.500000000001,-21.762499999924323,223.5873277906,-245.34982779052436
2022-07-28,2022-07-25 14:35:00+05:30,2022-07-25,2,200,16900.0,317.50000000000114,316.1312500000804,187.87962153451247,128.25162846556793
2022-08-04,2022-08-01 09:23:00+05:30,2022-08-01,1,400,17600.0,1179.9999999999982,-597.3249999999979,210.413034855975,-807.738034855973
2022-08-04,2022-08-01 09:23:00+05:30,2022-08-01,2,-200,17000.0,7.500000000000995,-1545.0187499999977,207.1412451673625,-1752.1599951673602
2022-08-11,2022-08-08 09:29:00+05:30,2022-08-08,1,350,17750.0,1140.0000000000034,1220.5625000000027,197.85401424865,1022.7084857513528
2022-08-11,2022-08-08 09:29:00+05:30,2022-08-08,2,-250,17150.0,172.49999999999943,240.03125000000384,218.5324365766875,21.49881342331633
2022-08-18,2022-08-18 11:33:00+05:30,2022-08-18,1,-300,17550.0,27.50000000000128,2055.6875,210.14159707452504,1845.545902925475
2022-08-25,2022-08-25 14:56:00+05:30,2022-08-25,1,-250,17350.0,482.4999999999996,-155.51875000003292,192.65219416963757,-348.17094416967046
2022-08-25,2022-08-25 14:56:00+05:30,2022-08-25,2,-400,17200.0,430.00000000000006,475.0312499999631,211.3375532001875,263.6936967997756
2022-09-01,2022-09-01 09:21:00+05:30,2022-09-01,1,-400,17150.0,1369.9999999999995,2524.212500000041,219.94329709067503,2304.2692029093664
2022-09-08,2022-09-07 10:54:00+05:30,2022-09-07,1,-100,17450.0,45.00000000000029,764.375000000004,200.196891919025,564.178108080979
2022-09-08,2022-09-07 10:54:00+05:30,2022-09-07,2,-200,17350.0,44.99999999999957,680.5500000000034,209.61351389705,470.9364861029534
2022-09-15,2022-09-12 09:37:00+05:30,2022-09-12,1,-400,17550.0,192.4999999999997,-130.80625000006592,214.28425040743755,-345.09050040750344
2022-09-15,2022-09-12 09:37:00+05:30,2022-09-12,2,-200,17750.0,127.49999999999916,-183.80000000007115,194.64995482280003,-378.4499548228712
2022-09-22,2022-09-21 10:06:00+05:30,2022-09-21,1,-350,17400.0,214.99999999999844,970.1312500000404,210.23860088916248,759.892649110878
2022-09-22,2022-09-21 10:06:00+05:30,2022-09-21,2,300,18050.0,49.99999999999716,1044.5125000000417,218.27573986842503,826.2367601316166
2022-09-29,2022-09-26 10:18:00+05:30,2022-09-26,1,400,17450.0,237.4999999999972,1020.787500000074,246.48891866810007,774.298581331974
2022-10-06,2022-10-04 09:21:00+05:30,2022-10-04,1,-300,16900.0,22.49999999999943,-989.5999999999603,211.2607515354,-1200.8607515353604
2022-10-13,2022-10-10 14:30:00+05:30,2022-10-10,1,350,17550.0,747.4999999999994,1171.8312500000764,231.2533256213376,940.5779243787388
2022-10-13,2022-10-10 14:30:00+05:30,2022-10-10,2,-350,16850.0,647.5000000000009,1156.887500000078,208.0920931666,948.795406833478
2022-10-20,2022-10-17 15:23:00+05:30,2022-10-17,1,-250,17050.0,452.4999999999992,-1378.5687500000322,216.4113915910625,-1594.9801415910947
2022-10-20,2022-10-17 15:23:00+05:30,2022-10-17,2,-400,16900.0,277.49999999999915,-802.4187500000317,236.7168473908625,-1039.1355973908942
2022-10-27,2022-10-25 10:20:00+05:30,2022-10-25,1,-250,17450.0,110.00000000000084,1404.0687499999676,201.93509804663748,1202.1336519533302
2022-10-27,2022-10-25 10:20:00+05:30,2022-10-25,2,400,18100.0,107.49999999999886,1194.2374999999686,213.45194897842492,980.7855510215436
2022-12-15,2022-12-15 15:22:00+05:30,2022-12-15,1,400,18800.0,112.50000000000284,-374.8312500000708,213.19216383808745,-588.0234138381581
2022-12-15,2022-12-15 15:22:00+05:30,2022-12-15,2,-400,18000.0,102.49999999999828,-390.94375000006846,212.58007169851248,-603.523821698581
2022-12-22,2022-12-20 12:32:00+05:30,2022-12-20,1,-400,17850.0,922.5,2279.662500000073,210.32272508115,2069.339774918923
2023-01-19,2023-01-19 15:17:00+05:30,2023-01-19,1,-350,17750.0,7.49999999999833,-567.5187499999241,203.2885204277625,-770.8072704276866
2023-01-25,2023-01-25 15:29:00+05:30,2023-01-25,1,-350,17550.0,2569.9999999999995,-145.418750000033,200.4519200300625,-345.87067003009554
2023-02-23,2023-02-20 09:55:00+05:30,2023-02-20,1,350,18350.0,2044.9999999999989,4078.268750000007,251.2307211533875,3827.038028846619
2023-03-09,2023-03-09 09:44:00+05:30,2023-03-09,1,-300,17400.0,202.50000000000003,651.0062500000753,191.94931550353752,459.0569344965378
2023-03-09,2023-03-09 09:44:00+05:30,2023-03-09,2,-250,17450.0,180.00000000000168,737.7000000000774,185.47361235237503,552.2263876477023
2023-03-16,2023-03-13 09:35:00+05:30,2023-03-13,1,400,17850.0,305.00000000000114,2482.406250000082,252.70272250276255,2229.703527497319
2023-03-23,2023-03-23 15:08:00+05:30,2023-03-23,1,50,17100.0,45.00000000000029,-111.28125000007144,166.29767566721236,-277.5789256672838
2023-03-23,2023-03-23 15:08:00+05:30,2023-03-23,2,-350,16700.0,42.50000000000007,-266.3250000000668,207.18867569795003,-473.5136756980168
2023-04-06,2023-04-06 10:03:00+05:30,2023-04-06,1,-400,17150.0,420.0000000000022,533.2374999999313,214.15904872182497,319.0784512781063
2023-04-06,2023-04-06 10:03:00+05:30,2023-04-06,2,100,17650.0,102.49999999999916,353.106249999928,166.8802516258374,186.22599837409055
2023-04-13,2023-04-13 09:23:00+05:30,2023-04-13,1,350,18150.0,362.5,1349.656250000004,202.4410354154125,1147.2152145845914
2023-05-25,2023-05-25 09:43:00+05:30,2023-05-25,1,-400,17850.0,154.99999999999997,1396.4312499999303,218.5887378966625,1177.842512103268
2023-07-06,2023-07-06 14:18:00+05:30,2023-07-06,1,350,19850.0,427.5000000000034,-403.9124999999586,208.78498462607504,-612.6974846260337
2023-07-06,2023-07-06 14:18:00+05:30,2023-07-06,2,250,19750.0,87.5,-696.3999999999629,192.64187613370004,-889.041876133663
2023-07-20,2023-07-18 09:20:00+05:30,2023-07-18,1,350,20150.0,212.5,-477.1687500000695,199.2492831325124,-676.418033132582
2023-08-10,2023-08-10 09:34:00+05:30,2023-08-10,1,-350,19250.0,830.0000000000001,2260.225000000077,200.19325819075,2060.0317418093277
2023-08-17,2023-08-17 09:41:00+05:30,2023-08-17,1,-250,19150.0,64.9999999999995,177.88750000000348,186.02349399617503,-8.13599399617155
2023-08-24,2023-08-22 15:00:00+05:30,2023-08-22,1,350,19750.0,635.0000000000023,897.6749999999697,209.22590326312496,688.4490967368447
2023-08-24,2023-08-22 15:00:00+05:30,2023-08-22,2,-350,19050.0,172.49999999999767,343.0249999999649,201.14327838572495,141.88172161423992
2023-09-07,2023-09-07 13:25:00+05:30,2023-09-07,1,300,19950.0,167.50000000000114,3.993750000037721,191.69118309276251,-187.6974330927248
2023-09-07,2023-09-07 13:25:00+05:30,2023-09-07,2,400,20050.0,150.0,-240.6937499999657,208.3888404331125,-449.0825904330782
2023-09-14,2023-09-14 09:45:00+05:30,2023-09-14,1,400,20550.0,339.9999999999977,3575.6625000000754,220.0915283693501,3355.570971630725
2023-10-05,2023-10-04 14:46:00+05:30,2023-10-04,1,-350,19050.0,80.0000000000006,188.6312500000037,215.9054198978875,-27.27416989788384
2023-10-05,2023-10-04 14:46:00+05:30,2023-10-04,2,-200,19200.0,12.49999999999929,-83.48749999999932,193.3029022003,-276.7904022002993
2023-10-19,2023-10-16 09:29:00+05:30,2023-10-16,1,400,20100.0,217.50000000000117,-35.7000000000312,219.9478921694,-255.6478921694312
2023-10-19,2023-10-16 09:29:00+05:30,2023-10-16,2,350,20050.0,47.49999999999659,-459.9500000000319,211.9315792343,-671.8815792343319
2024-01-11,2024-01-11 15:09:00+05:30,2024-01-11,1,300,21950.0,105.00000000000114,1311.2437499999687,202.96270957178743,1108.2810404281813
2024-01-18,2024-01-16 12:53:00+05:30,2024-01-16,1,-400,21650.0,607.4999999999995,4825.337500000002,211.8089423715,4613.528557628502
2024-02-01,2024-02-01 15:04:00+05:30,2024-02-01,1,-300,21400.0,52.49999999999986,-378.4687500000345,202.2775927933125,-580.746342793347
2024-02-01,2024-02-01 15:04:00+05:30,2024-02-01,2,300,22000.0,27.50000000000057,-425.3500000000287,206.45297910485,-631.8029791048787
2024-02-08,2024-02-07 09:24:00+05:30,2024-02-07,1,300,22300.0,57.49999999999886,3642.1749999999633,227.54927230257493,3414.6257276973884
2024-02-15,2024-02-14 15:00:00+05:30,2024-02-14,1,-400,21450.0,109.99999999999766,4052.7375000000034,229.42079897285004,3823.316701027153
2024-03-07,2024-03-07 15:13:00+05:30,2024-03-07,1,-350,22150.0,132.49999999999778,-840.9374999999624,203.1552186817,-1044.0927186816623
2024-03-07,2024-03-07 15:13:00+05:30,2024-03-07,2,-400,22100.0,62.50000000000053,-874.4187499999585,210.32543658318752,-1084.744186583146
2024-03-28,2024-03-28 14:51:00+05:30,2024-03-28,1,-200,22250.0,12.49999999999858,1630.1499999999294,187.21621301985,1442.9337869800793
2024-05-16,2024-05-16 15:01:00+05:30,2024-05-16,1,350,22750.0,97.50000000000084,948.4343750000392,175.47592913761878,772.9584458624204
2024-05-16,2024-05-16 15:01:00+05:30,2024-05-16,2,-300,22100.0,57.50000000000064,784.0406250000376,172.19580178414378,611.8448232158938
2024-06-06,2024-06-04 10:24:00+05:30,2024-06-04,1,-350,22450.0,187.4999999999972,1887.434374999967,202.67503310894375,1684.7593418910233
2024-06-13,2024-06-10 09:24:00+05:30,2024-06-10,1,300,23700.0,676.2500000000017,224.22499999996572,182.38519036285,41.83980963711576
2024-06-13,2024-06-10 09:24:00+05:30,2024-06-10,2,350,23750.0,556.2500000000014,213.04062499996803,185.1852666458812,27.85535835408683
2024-06-20,2024-06-19 14:22:00+05:30,2024-06-19,1,350,23950.0,83.74999999999915,766.0843750000026,177.44184304111872,588.6425319588839
2024-06-27,2024-06-26 15:29:00+05:30,2024-06-26,1,200,24050.0,114.99999999999916,111.18437500000056,164.23400413713125,-53.04962913713069
2024-07-04,2024-07-01 11:29:00+05:30,2024-07-01,1,-250,23850.0,22.500000000000146,464.94687499996434,180.04015910846874,284.9067158914956
2024-07-04,2024-07-01 11:29:00+05:30,2024-07-01,2,-350,23750.0,21.249999999999854,390.5749999999677,186.120744732425,204.45425526754264
2024-07-18,2024-07-15 09:40:00+05:30,2024-07-15,1,400,24950.0,306.2499999999986,384.66875000004,177.97852219292506,206.6902278071149
2024-07-18,2024-07-15 09:40:00+05:30,2024-07-15,2,350,24900.0,218.75,263.5000000000389,175.52732183605002,87.97267816398886
2024-07-25,2024-07-23 12:34:00+05:30,2024-07-23,1,-350,23950.0,323.75000000000114,423.4312500000411,182.50574355805,240.92550644199108
2024-08-01,2024-07-29 09:33:00+05:30,2024-07-29,1,-350,24550.0,4.999999999999716,-442.2281250000342,180.98941949419373,-623.2175444942279
2024-08-08,2024-08-05 10:56:00+05:30,2024-08-05,1,-400,23700.0,12.50000000000142,-446.4531249999976,190.45738630806875,-636.9105113080664
2024-08-14,2024-08-12 09:20:00+05:30,2024-08-12,1,350,24650.0,198.7499999999997,723.2343750000013,185.06133780046872,538.1730371995325
2024-08-22,2024-08-21 09:47:00+05:30,2024-08-21,1,-350,24350.0,11.249999999999716,669.2343750000033,180.05046585503123,489.18390914497206
2024-08-29,2024-08-29 14:56:00+05:30,2024-08-29,1,200,25400.0,198.7499999999997,1594.109374999983,166.1696828372812,1427.9396921627017
2024-08-29,2024-08-29 14:56:00+05:30,2024-08-29,2,400,25600.0,172.49999999999943,1525.5062499999824,180.20801696578752,1345.298233034195
2024-09-12,2024-09-09 09:33:00+05:30,2024-09-09,1,-350,24450.0,141.24999999999943,-2104.1250000000364,195.55141347627497,-2299.676413476311
2024-09-12,2024-09-09 09:33:00+05:30,2024-09-09,2,-200,24600.0,84.99999999999943,-1966.696875000035,186.8189468311812,-2153.5158218312163
2024-09-19,2024-09-19 11:24:00+05:30,2024-09-19,1,-400,25050.0,5.000000000001137,2169.0656250000216,182.48903495400623,1986.5765900460156
2024-09-26,2024-09-26 13:26:00+05:30,2024-09-26,1,-250,25850.0,252.49999999999915,-814.4249999999797,172.0684176516125,-986.4934176515922
2024-09-26,2024-09-26 13:26:00+05:30,2024-09-26,2,0,26100.0,221.24999999999983,-772.5656249999805,160.42512371876873,-932.9907487187492
2024-11-21,2024-11-21 14:58:00+05:30,2024-11-21,1,-250,23100.0,397.4999999999998,-18.468750000107903,230.51123887781247,-248.9799888779204
2024-11-21,2024-11-21 14:58:00+05:30,2024-11-21,2,0,23350.0,371.2499999999992,157.1906249998939,196.51993110481865,-39.32930610492471
2024-12-05,2024-12-02 09:31:00+05:30,2024-12-02,1,-400,23650.0,135.00000000000193,463.26562499990905,336.5350044102937,126.73062058961534
2024-12-26,2024-12-26 13:36:00+05:30,2024-12-26,1,-400,23350.0,389.9999999999992,4594.303124999952,256.31756786094377,4337.985557139008
2025-01-02,2025-01-02 09:54:00+05:30,2025-01-02,1,-350,23450.0,352.5000000000002,-442.33125000009954,290.1355754734875,-732.466825473587
2025-01-16,2025-01-14 15:20:00+05:30,2025-01-14,1,300,23500.0,14.999999999999147,4244.306250000056,233.31509319735008,4010.991156802706
2025-03-06,2025-03-06 14:32:00+05:30,2025-03-06,1,-350,22150.0,86.2499999999983,-150.39375000005572,248.57011241175,-398.96386241180574
2025-03-20,2025-03-20 15:13:00+05:30,2025-03-20,1,-200,23000.0,11.250000000002558,-189.54375000010305,206.70351341122495,-396.247263411328
2025-03-20,2025-03-20 15:13:00+05:30,2025-03-20,2,-250,22950.0,11.249999999997762,-508.1437500001087,215.319303252975,-723.4630532530837
2025-04-03,2025-04-03 15:15:00+05:30,2025-04-03,1,-350,22900.0,326.2500000000001,-595.809374999887,240.8158569752813,-836.6252319751684
2025-04-03,2025-04-03 15:15:00+05:30,2025-04-03,2,-100,23150.0,300.0,-578.1187499998864,198.49546817883748,-776.6142181787238
2025-04-09,2025-04-07 10:49:00+05:30,2025-04-07,1,-250,21800.0,90.00000000000341,3940.8749999999,336.51476863402496,3604.360231365875
2025-04-17,2025-04-17 11:36:00+05:30,2025-04-17,1,400,23950.0,150.0,-165.4312500001062,238.5458402827874,-403.9770902828936
2025-04-30,2025-04-30 15:00:00+05:30,2025-04-30,1,250,24650.0,337.49999999999574,-1827.4218750000489,246.32568858369365,-2073.7475635837422
2025-05-08,2025-05-08 13:23:00+05:30,2025-05-08,1,-400,23950.0,348.75000000000256,-9786.149999999936,265.9568515996875,-10052.106851599625
2025-05-08,2025-05-08 13:23:00+05:30,2025-05-08,2,400,24750.0,14.999999999999147,-9984.38437499994,272.93345117724385,-10257.317826177185
2025-05-15,2025-05-15 13:00:00+05:30,2025-05-15,1,300,25050.0,97.50000000000084,-1786.3499999998858,228.675762497325,-2015.0257624972107
2025-05-29,2025-05-26 09:45:00+05:30,2025-05-26,1,-400,24650.0,131.25,3157.509375000119,271.8401218084312,2885.6692531916874
2025-06-12,2025-06-12 15:25:00+05:30,2025-06-12,1,-250,24600.0,483.7500000000013,-1005.3187500000485,233.04901436216247,-1238.367764362211
2025-06-12,2025-06-12 15:25:00+05:30,2025-06-12,2,-350,24500.0,431.2500000000011,-1258.171875000043,251.17819813408124,-1509.3500731341242
2025-06-19,2025-06-19 15:24:00+05:30,2025-06-19,1,-50,24750.0,292.4999999999983,-711.1124999999987,199.832075216775,-910.9445752167736
2025-06-19,2025-06-19 15:24:00+05:30,2025-06-19,2,-350,24450.0,277.4999999999949,-1371.178124999998,248.2827640530188,-1619.460889053017
2025-06-26,2025-06-23 10:51:00+05:30,2025-06-23,1,-250,24650.0,374.9999999999957,-1592.3812499999967,303.35494542345003,-1895.7361954234468
2025-06-26,2025-06-23 10:51:00+05:30,2025-06-23,2,-350,24550.0,322.4999999999998,-2401.7812499999877,320.3911594328624,-2722.1724094328497
2025-07-03,2025-07-03 13:40:00+05:30,2025-07-03,1,-350,25250.0,378.7500000000035,2258.596875000061,227.88062441990624,2030.7162505801548
2025-07-03,2025-07-03 13:40:00+05:30,2025-07-03,2,150,25750.0,18.75,1959.5343750000625,227.56989256734383,1731.9644824327183
2025-08-07,2025-08-04 09:49:00+05:30,2025-08-04,1,-400,24200.0,828.7499999999987,6092.859374999895,267.2564601070312,5825.602914892865
2026-01-13,2026-01-12 12:21:00+05:30,2026-01-12,1,-400,25250.0,25.999999999997137,406.6400000000557,247.98578164529252,158.65421835476317
2026-01-20,2026-01-20 15:10:00+05:30,2026-01-20,1,-400,24850.0,705.2499999999968,2352.2931250000065,238.9079282413712,2113.385196758635
2026-01-20,2026-01-20 15:10:00+05:30,2026-01-20,2,0,25250.0,156.00000000000037,1947.253750000002,183.3540909045975,1763.8996590954046
2026-02-03,2026-02-01 12:50:00+05:30,2026-02-01,1,350,25350.0,1790.750000000001,3956.65562500005,255.7613514101612,3700.8942735898886
2026-02-17,2026-02-17 11:38:00+05:30,2026-02-17,1,400,26150.0,442.0000000000044,1451.0356249999109,244.37934194519863,1206.6562830547125
2026-03-02,2026-03-02 15:23:00+05:30,2026-03-02,1,-350,24500.0,601.25,1873.3731249999591,256.8283351411563,1616.544789858803
2026-03-02,2026-03-02 15:23:00+05:30,2026-03-02,2,-300,24550.0,591.4999999999997,1987.9356249999616,248.93068329286876,1739.0049417070932
2026-03-17,2026-03-17 10:49:00+05:30,2026-03-17,1,400,23900.0,455.0,1364.5043749999102,250.7676278221261,1113.736747177784
2026-03-24,2026-03-20 15:21:00+05:30,2026-03-20,1,-400,22750.0,22.749999999997783,4402.149374999908,278.3206289758888,4123.828746024019
2026-04-07,2026-04-07 11:41:00+05:30,2026-04-07,1,350,23300.0,55.25000000000148,426.57874999991833,289.01718799928244,137.5615620006359
2026-04-13,2026-04-13 13:52:00+05:30,2026-04-13,1,-400,23450.0,325.0000000000037,-401.2612500000865,302.48308920817254,-703.7443392082591
2026-04-21,2026-04-20 12:26:00+05:30,2026-04-20,1,300,24750.0,269.7500000000022,378.7387500001037,260.6644328503501,118.0743171497536
2026-04-28,2026-04-28 09:24:00+05:30,2026-04-28,1,-350,23750.0,305.49999999999835,828.4006249999547,258.8547810032788,569.545843996676
2026-04-28,2026-04-28 09:24:00+05:30,2026-04-28,2,350,24450.0,61.74999999999926,712.8631249999563,278.3096493178162,434.5534756821401
2026-05-05,2026-05-04 13:18:00+05:30,2026-05-04,1,-400,23700.0,116.99999999999888,3741.765625000047,286.05941547516375,3455.706209524883
2026-05-12,2026-05-11 14:49:00+05:30,2026-05-11,1,-350,23550.0,68.25000000000166,5318.446250000052,265.81297108187505,5052.633278918177
2026-05-19,2026-05-18 10:33:00+05:30,2026-05-18,1,-250,23150.0,9.749999999998522,-1368.664374999997,280.18326723385627,-1648.8476422338535
