near_expiry,entry_timestamp,legs,combined_pnl
2021-05-27,2021-05-25 13:27:00+05:30,1,4055.940757508164
2021-06-03,2021-06-03 15:17:00+05:30,1,-23.874555073784222
2021-06-10,2021-06-09 13:14:00+05:30,1,1433.449068912343
2021-07-22,2021-07-20 10:45:00+05:30,1,-628.3310580506413
2021-08-05,2021-08-03 14:44:00+05:30,1,-2232.995491712297
2021-08-18,2021-08-16 11:09:00+05:30,1,-864.2920410809368
2021-09-02,2021-08-31 13:20:00+05:30,1,2189.774312883758
2021-09-23,2021-09-20 09:27:00+05:30,1,1684.9242633101271
2021-09-30,2021-09-30 15:25:00+05:30,1,-435.8877067411702
2021-10-07,2021-10-06 14:19:00+05:30,1,3932.544144626089
2021-10-21,2021-10-18 12:57:00+05:30,1,6326.18014471872
2021-11-11,2021-11-10 13:31:00+05:30,1,1398.4232580031137
2021-12-02,2021-12-02 13:14:00+05:30,1,614.4164395654034
2021-12-23,2021-12-22 09:25:00+05:30,1,-1100.3806939274118
2022-01-06,2022-01-06 09:22:00+05:30,1,880.625546584393
2022-01-20,2022-01-19 10:23:00+05:30,1,2470.7779618421123
2022-01-27,2022-01-27 09:20:00+05:30,1,2446.987500008561
2022-02-03,2022-02-01 13:04:00+05:30,1,-6431.58810072979
2022-02-10,2022-02-09 15:08:00+05:30,1,-195.08213767864544
2022-02-17,2022-02-14 09:21:00+05:30,1,-133.9634194633272
2022-02-24,2022-02-24 11:17:00+05:30,1,-2495.3978928298548
2022-03-03,2022-03-03 09:41:00+05:30,1,2684.2766551114864
2022-03-10,2022-03-10 09:44:00+05:30,1,-5321.839051765348
2022-03-17,2022-03-15 12:41:00+05:30,1,2816.5235726202563
2022-03-24,2022-03-22 12:42:00+05:30,1,-661.0254982316355
2022-04-07,2022-04-05 13:05:00+05:30,1,6083.555727589942
2022-04-13,2022-04-11 11:26:00+05:30,1,380.1876277690168
2022-04-21,2022-04-20 09:26:00+05:30,1,1002.1167386347552
2022-04-28,2022-04-28 15:13:00+05:30,1,-253.216907524001
2022-05-05,2022-05-04 13:03:00+05:30,1,-453.8401214106327
2022-05-12,2022-05-12 12:30:00+05:30,1,1835.3875607124137
2022-05-19,2022-05-16 15:25:00+05:30,1,-1726.8628053807445
2022-05-26,2022-05-23 14:00:00+05:30,1,2400.972526049216
2022-06-02,2022-05-31 15:10:00+05:30,1,148.81900698998373
2022-06-09,2022-06-06 13:45:00+05:30,1,-218.0296919698721
2022-06-16,2022-06-16 09:44:00+05:30,1,-501.3706699630869
2022-06-23,2022-06-20 13:18:00+05:30,1,3748.827619770501
2022-06-30,2022-06-28 15:29:00+05:30,1,-7023.952424277041
2022-07-07,2022-07-04 14:19:00+05:30,1,1693.5744825928389
2022-07-14,2022-07-12 13:36:00+05:30,1,-711.9065363932372
2022-07-21,2022-07-20 14:28:00+05:30,1,591.7565924899179
2022-07-28,2022-07-25 14:35:00+05:30,1,-117.0981993249564
2022-08-04,2022-08-01 09:23:00+05:30,1,-2559.8980300233334
2022-08-11,2022-08-08 09:29:00+05:30,1,1044.207299174669
2022-08-18,2022-08-18 11:33:00+05:30,1,1845.545902925475
2022-08-25,2022-08-25 14:56:00+05:30,1,-84.47724736989488
2022-09-01,2022-09-01 09:21:00+05:30,1,2304.2692029093664
2022-09-08,2022-09-07 10:54:00+05:30,1,1035.1145941839322
2022-09-15,2022-09-12 09:37:00+05:30,1,-723.5404552303746
2022-09-22,2022-09-21 10:06:00+05:30,1,1586.1294092424946
2022-09-29,2022-09-26 10:18:00+05:30,1,774.298581331974
2022-10-06,2022-10-04 09:21:00+05:30,1,-1200.8607515353604
2022-10-13,2022-10-10 14:30:00+05:30,1,1889.3733312122167
2022-10-20,2022-10-17 15:23:00+05:30,1,-2634.115738981989
2022-10-27,2022-10-25 10:20:00+05:30,1,2182.9192029748738
2022-12-15,2022-12-15 15:22:00+05:30,1,-1191.5472355367392
2022-12-22,2022-12-20 12:32:00+05:30,1,2069.339774918923
2023-01-19,2023-01-19 15:17:00+05:30,1,-770.8072704276866
2023-01-25,2023-01-25 15:29:00+05:30,1,-345.87067003009554
2023-02-23,2023-02-20 09:55:00+05:30,1,3827.038028846619
2023-03-09,2023-03-09 09:44:00+05:30,1,1011.28332214424
2023-03-16,2023-03-13 09:35:00+05:30,1,2229.703527497319
2023-03-23,2023-03-23 15:08:00+05:30,1,-751.0926013653007
2023-04-06,2023-04-06 10:03:00+05:30,1,505.30444965219687
2023-04-13,2023-04-13 09:23:00+05:30,1,1147.2152145845914
2023-05-25,2023-05-25 09:43:00+05:30,1,1177.842512103268
2023-07-06,2023-07-06 14:18:00+05:30,1,-1501.7393607596966
2023-07-20,2023-07-18 09:20:00+05:30,1,-676.418033132582
2023-08-10,2023-08-10 09:34:00+05:30,1,2060.0317418093277
2023-08-17,2023-08-17 09:41:00+05:30,1,-8.13599399617155
2023-08-24,2023-08-22 15:00:00+05:30,1,830.3308183510846
2023-09-07,2023-09-07 13:25:00+05:30,1,-636.780023525803
2023-09-14,2023-09-14 09:45:00+05:30,1,3355.570971630725
2023-10-05,2023-10-04 14:46:00+05:30,1,-304.06457209818313
2023-10-19,2023-10-16 09:29:00+05:30,1,-927.5294714037632
2024-01-11,2024-01-11 15:09:00+05:30,1,1108.2810404281813
2024-01-18,2024-01-16 12:53:00+05:30,1,4613.528557628502
2024-02-01,2024-02-01 15:04:00+05:30,1,-1212.5493218982256
2024-02-08,2024-02-07 09:24:00+05:30,1,3414.6257276973884
2024-02-15,2024-02-14 15:00:00+05:30,1,3823.316701027153
2024-03-07,2024-03-07 15:13:00+05:30,1,-2128.8369052648086
2024-03-28,2024-03-28 14:51:00+05:30,1,1442.9337869800793
2024-05-16,2024-05-16 15:01:00+05:30,1,1384.8032690783143
2024-06-06,2024-06-04 10:24:00+05:30,1,1684.7593418910233
2024-06-13,2024-06-10 09:24:00+05:30,1,69.6951679912026
2024-06-20,2024-06-19 14:22:00+05:30,1,588.6425319588839
2024-06-27,2024-06-26 15:29:00+05:30,1,-53.04962913713069
2024-07-04,2024-07-01 11:29:00+05:30,1,489.36097115903823
2024-07-18,2024-07-15 09:40:00+05:30,1,294.6629059711038
2024-07-25,2024-07-23 12:34:00+05:30,1,240.92550644199108
2024-08-01,2024-07-29 09:33:00+05:30,1,-623.2175444942279
2024-08-08,2024-08-05 10:56:00+05:30,1,-636.9105113080664
2024-08-14,2024-08-12 09:20:00+05:30,1,538.1730371995325
2024-08-22,2024-08-21 09:47:00+05:30,1,489.18390914497206
2024-08-29,2024-08-29 14:56:00+05:30,1,2773.237925196897
2024-09-12,2024-09-09 09:33:00+05:30,1,-4453.192235307528
2024-09-19,2024-09-19 11:24:00+05:30,1,1986.5765900460156
2024-09-26,2024-09-26 13:26:00+05:30,1,-1919.4841663703412
2024-11-21,2024-11-21 14:58:00+05:30,1,-288.3092949828452
2024-12-05,2024-12-02 09:31:00+05:30,1,126.73062058961534
2024-12-26,2024-12-26 13:36:00+05:30,1,4337.985557139008
2025-01-02,2025-01-02 09:54:00+05:30,1,-732.466825473587
2025-01-16,2025-01-14 15:20:00+05:30,1,4010.991156802706
2025-03-06,2025-03-06 14:32:00+05:30,1,-398.96386241180574
2025-03-20,2025-03-20 15:13:00+05:30,1,-1119.7103166644115
2025-04-03,2025-04-03 15:15:00+05:30,1,-1613.2394501538922
2025-04-09,2025-04-07 10:49:00+05:30,1,3604.360231365875
2025-04-17,2025-04-17 11:36:00+05:30,1,-403.9770902828936
2025-04-30,2025-04-30 15:00:00+05:30,1,-2073.7475635837422
2025-05-08,2025-05-08 13:23:00+05:30,1,-20309.42467777681
2025-05-15,2025-05-15 13:00:00+05:30,1,-2015.0257624972107
2025-05-29,2025-05-26 09:45:00+05:30,1,2885.6692531916874
2025-06-12,2025-06-12 15:25:00+05:30,1,-2747.717837496335
2025-06-19,2025-06-19 15:24:00+05:30,1,-2530.40546426979
2025-06-26,2025-06-23 10:51:00+05:30,1,-4617.908604856297
2025-07-03,2025-07-03 13:40:00+05:30,1,3762.680733012873
2025-08-07,2025-08-04 09:49:00+05:30,1,5825.602914892865
2026-01-13,2026-01-12 12:21:00+05:30,1,158.65421835476317
2026-01-20,2026-01-20 15:10:00+05:30,1,3877.28485585404
2026-02-03,2026-02-01 12:50:00+05:30,1,3700.8942735898886
2026-02-17,2026-02-17 11:38:00+05:30,1,1206.6562830547125
2026-03-02,2026-03-02 15:23:00+05:30,1,3355.549731565896
2026-03-17,2026-03-17 10:49:00+05:30,1,1113.736747177784
2026-03-24,2026-03-20 15:21:00+05:30,1,4123.828746024019
2026-04-07,2026-04-07 11:41:00+05:30,1,137.5615620006359
2026-04-13,2026-04-13 13:52:00+05:30,1,-703.7443392082591
2026-04-21,2026-04-20 12:26:00+05:30,1,118.0743171497536
2026-04-28,2026-04-28 09:24:00+05:30,1,1004.099319678816
2026-05-05,2026-05-04 13:18:00+05:30,1,3455.706209524883
2026-05-12,2026-05-11 14:49:00+05:30,1,5052.633278918177
2026-05-19,2026-05-18 10:33:00+05:30,1,-1648.8476422338535
