year,rank,count,sum,mean
2021,1,14,9732.035833234331,695.1454166595951
2021,2,10,6617.855009707146,661.7855009707146
2022,1,43,10960.273523563694,254.89008194334173
2022,2,29,-1684.300021544237,-58.079311087732314
2023,1,18,12101.858605943447,672.3254781079693
2023,2,8,-1879.9760160633564,-234.99700200791955
2024,1,26,20656.831233112935,794.4935089658821
2024,2,10,-2564.9576943072075,-256.49576943072077
2025,1,16,-2596.8691794045044,-162.30432371278152
2025,2,7,-15876.413986796266,-2268.059140970895
2026,1,14,21014.62948496662,1501.0449632119014
2026,2,3,3937.458076484638,1312.4860254948792
